Level,Name,Code,Link,Parent Code
1,北京市,110000,https://www.suchajun.com/richang/xingzhengquhuadaima/110000,
2,东城区,110101,https://www.suchajun.com/richang/xingzhengquhuadaima/110101,110000
2,西城区,110102,https://www.suchajun.com/richang/xingzhengquhuadaima/110102,110000
2,朝阳区,110105,https://www.suchajun.com/richang/xingzhengquhuadaima/110105,110000
2,丰台区,110106,https://www.suchajun.com/richang/xingzhengquhuadaima/110106,110000
2,石景山区,110107,https://www.suchajun.com/richang/xingzhengquhuadaima/110107,110000
2,海淀区,110108,https://www.suchajun.com/richang/xingzhengquhuadaima/110108,110000
2,门头沟区,110109,https://www.suchajun.com/richang/xingzhengquhuadaima/110109,110000
2,房山区,110111,https://www.suchajun.com/richang/xingzhengquhuadaima/110111,110000
2,通州区,110112,https://www.suchajun.com/richang/xingzhengquhuadaima/110112,110000
2,顺义区,110113,https://www.suchajun.com/richang/xingzhengquhuadaima/110113,110000
2,昌平区,110114,https://www.suchajun.com/richang/xingzhengquhuadaima/110114,110000
2,大兴区,110115,https://www.suchajun.com/richang/xingzhengquhuadaima/110115,110000
2,怀柔区,110116,https://www.suchajun.com/richang/xingzhengquhuadaima/110116,110000
2,平谷区,110117,https://www.suchajun.com/richang/xingzhengquhuadaima/110117,110000
2,密云区,110118,https://www.suchajun.com/richang/xingzhengquhuadaima/110118,110000
2,延庆区,110119,https://www.suchajun.com/richang/xingzhengquhuadaima/110119,110000
1,天津市,120000,https://www.suchajun.com/richang/xingzhengquhuadaima/120000,
2,和平区,120101,https://www.suchajun.com/richang/xingzhengquhuadaima/120101,120000
2,河东区,120102,https://www.suchajun.com/richang/xingzhengquhuadaima/120102,120000
2,河西区,120103,https://www.suchajun.com/richang/xingzhengquhuadaima/120103,120000
2,南开区,120104,https://www.suchajun.com/richang/xingzhengquhuadaima/120104,120000
2,河北区,120105,https://www.suchajun.com/richang/xingzhengquhuadaima/120105,120000
2,红桥区,120106,https://www.suchajun.com/richang/xingzhengquhuadaima/120106,120000
2,东丽区,120110,https://www.suchajun.com/richang/xingzhengquhuadaima/120110,120000
2,西青区,120111,https://www.suchajun.com/richang/xingzhengquhuadaima/120111,120000
2,津南区,120112,https://www.suchajun.com/richang/xingzhengquhuadaima/120112,120000
2,北辰区,120113,https://www.suchajun.com/richang/xingzhengquhuadaima/120113,120000
2,武清区,120114,https://www.suchajun.com/richang/xingzhengquhuadaima/120114,120000
2,宝坻区,120115,https://www.suchajun.com/richang/xingzhengquhuadaima/120115,120000
2,滨海新区,120116,https://www.suchajun.com/richang/xingzhengquhuadaima/120116,120000
2,宁河区,120117,https://www.suchajun.com/richang/xingzhengquhuadaima/120117,120000
2,静海区,120118,https://www.suchajun.com/richang/xingzhengquhuadaima/120118,120000
2,蓟州区,120119,https://www.suchajun.com/richang/xingzhengquhuadaima/120119,120000
1,河北省,130000,https://www.suchajun.com/richang/xingzhengquhuadaima/130000,
2,石家庄市,130100,https://www.suchajun.com/richang/xingzhengquhuadaima/130100,130000
3,长安区,130102,https://www.suchajun.com/richang/xingzhengquhuadaima/130102,130100
3,桥西区,130104,https://www.suchajun.com/richang/xingzhengquhuadaima/130104,130100
3,新华区,130105,https://www.suchajun.com/richang/xingzhengquhuadaima/130105,130100
3,井陉矿区,130107,https://www.suchajun.com/richang/xingzhengquhuadaima/130107,130100
3,裕华区,130108,https://www.suchajun.com/richang/xingzhengquhuadaima/130108,130100
3,藁城区,130109,https://www.suchajun.com/richang/xingzhengquhuadaima/130109,130100
3,鹿泉区,130110,https://www.suchajun.com/richang/xingzhengquhuadaima/130110,130100
3,栾城区,130111,https://www.suchajun.com/richang/xingzhengquhuadaima/130111,130100
3,井陉县,130121,https://www.suchajun.com/richang/xingzhengquhuadaima/130121,130100
3,正定县,130123,https://www.suchajun.com/richang/xingzhengquhuadaima/130123,130100
3,行唐县,130125,https://www.suchajun.com/richang/xingzhengquhuadaima/130125,130100
3,灵寿县,130126,https://www.suchajun.com/richang/xingzhengquhuadaima/130126,130100
3,高邑县,130127,https://www.suchajun.com/richang/xingzhengquhuadaima/130127,130100
3,深泽县,130128,https://www.suchajun.com/richang/xingzhengquhuadaima/130128,130100
3,赞皇县,130129,https://www.suchajun.com/richang/xingzhengquhuadaima/130129,130100
3,无极县,130130,https://www.suchajun.com/richang/xingzhengquhuadaima/130130,130100
3,平山县,130131,https://www.suchajun.com/richang/xingzhengquhuadaima/130131,130100
3,元氏县,130132,https://www.suchajun.com/richang/xingzhengquhuadaima/130132,130100
3,赵县,130133,https://www.suchajun.com/richang/xingzhengquhuadaima/130133,130100
3,辛集市,130181,https://www.suchajun.com/richang/xingzhengquhuadaima/130181,130100
3,晋州市,130183,https://www.suchajun.com/richang/xingzhengquhuadaima/130183,130100
3,新乐市,130184,https://www.suchajun.com/richang/xingzhengquhuadaima/130184,130100
2,唐山市,130200,https://www.suchajun.com/richang/xingzhengquhuadaima/130200,130000
3,路南区,130202,https://www.suchajun.com/richang/xingzhengquhuadaima/130202,130200
3,路北区,130203,https://www.suchajun.com/richang/xingzhengquhuadaima/130203,130200
3,古冶区,130204,https://www.suchajun.com/richang/xingzhengquhuadaima/130204,130200
3,开平区,130205,https://www.suchajun.com/richang/xingzhengquhuadaima/130205,130200
3,丰南区,130207,https://www.suchajun.com/richang/xingzhengquhuadaima/130207,130200
3,丰润区,130208,https://www.suchajun.com/richang/xingzhengquhuadaima/130208,130200
3,曹妃甸区,130209,https://www.suchajun.com/richang/xingzhengquhuadaima/130209,130200
3,滦南县,130224,https://www.suchajun.com/richang/xingzhengquhuadaima/130224,130200
3,乐亭县,130225,https://www.suchajun.com/richang/xingzhengquhuadaima/130225,130200
3,迁西县,130227,https://www.suchajun.com/richang/xingzhengquhuadaima/130227,130200
3,玉田县,130229,https://www.suchajun.com/richang/xingzhengquhuadaima/130229,130200
3,遵化市,130281,https://www.suchajun.com/richang/xingzhengquhuadaima/130281,130200
3,迁安市,130283,https://www.suchajun.com/richang/xingzhengquhuadaima/130283,130200
3,滦州市,130284,https://www.suchajun.com/richang/xingzhengquhuadaima/130284,130200
2,秦皇岛市,130300,https://www.suchajun.com/richang/xingzhengquhuadaima/130300,130000
3,海港区,130302,https://www.suchajun.com/richang/xingzhengquhuadaima/130302,130300
3,山海关区,130303,https://www.suchajun.com/richang/xingzhengquhuadaima/130303,130300
3,北戴河区,130304,https://www.suchajun.com/richang/xingzhengquhuadaima/130304,130300
3,抚宁区,130306,https://www.suchajun.com/richang/xingzhengquhuadaima/130306,130300
3,青龙满族自治县,130321,https://www.suchajun.com/richang/xingzhengquhuadaima/130321,130300
3,昌黎县,130322,https://www.suchajun.com/richang/xingzhengquhuadaima/130322,130300
3,卢龙县,130324,https://www.suchajun.com/richang/xingzhengquhuadaima/130324,130300
2,邯郸市,130400,https://www.suchajun.com/richang/xingzhengquhuadaima/130400,130000
3,邯山区,130402,https://www.suchajun.com/richang/xingzhengquhuadaima/130402,130400
3,丛台区,130403,https://www.suchajun.com/richang/xingzhengquhuadaima/130403,130400
3,复兴区,130404,https://www.suchajun.com/richang/xingzhengquhuadaima/130404,130400
3,峰峰矿区,130406,https://www.suchajun.com/richang/xingzhengquhuadaima/130406,130400
3,肥乡区,130407,https://www.suchajun.com/richang/xingzhengquhuadaima/130407,130400
3,永年区,130408,https://www.suchajun.com/richang/xingzhengquhuadaima/130408,130400
3,临漳县,130423,https://www.suchajun.com/richang/xingzhengquhuadaima/130423,130400
3,成安县,130424,https://www.suchajun.com/richang/xingzhengquhuadaima/130424,130400
3,大名县,130425,https://www.suchajun.com/richang/xingzhengquhuadaima/130425,130400
3,涉县,130426,https://www.suchajun.com/richang/xingzhengquhuadaima/130426,130400
3,磁县,130427,https://www.suchajun.com/richang/xingzhengquhuadaima/130427,130400
3,邱县,130430,https://www.suchajun.com/richang/xingzhengquhuadaima/130430,130400
3,鸡泽县,130431,https://www.suchajun.com/richang/xingzhengquhuadaima/130431,130400
3,广平县,130432,https://www.suchajun.com/richang/xingzhengquhuadaima/130432,130400
3,馆陶县,130433,https://www.suchajun.com/richang/xingzhengquhuadaima/130433,130400
3,魏县,130434,https://www.suchajun.com/richang/xingzhengquhuadaima/130434,130400
3,曲周县,130435,https://www.suchajun.com/richang/xingzhengquhuadaima/130435,130400
3,武安市,130481,https://www.suchajun.com/richang/xingzhengquhuadaima/130481,130400
2,邢台市,130500,https://www.suchajun.com/richang/xingzhengquhuadaima/130500,130000
3,襄都区,130502,https://www.suchajun.com/richang/xingzhengquhuadaima/130502,130500
3,信都区,130503,https://www.suchajun.com/richang/xingzhengquhuadaima/130503,130500
3,任泽区,130505,https://www.suchajun.com/richang/xingzhengquhuadaima/130505,130500
3,南和区,130506,https://www.suchajun.com/richang/xingzhengquhuadaima/130506,130500
3,临城县,130522,https://www.suchajun.com/richang/xingzhengquhuadaima/130522,130500
3,内丘县,130523,https://www.suchajun.com/richang/xingzhengquhuadaima/130523,130500
3,柏乡县,130524,https://www.suchajun.com/richang/xingzhengquhuadaima/130524,130500
3,隆尧县,130525,https://www.suchajun.com/richang/xingzhengquhuadaima/130525,130500
3,宁晋县,130528,https://www.suchajun.com/richang/xingzhengquhuadaima/130528,130500
3,巨鹿县,130529,https://www.suchajun.com/richang/xingzhengquhuadaima/130529,130500
3,新河县,130530,https://www.suchajun.com/richang/xingzhengquhuadaima/130530,130500
3,广宗县,130531,https://www.suchajun.com/richang/xingzhengquhuadaima/130531,130500
3,平乡县,130532,https://www.suchajun.com/richang/xingzhengquhuadaima/130532,130500
3,威县,130533,https://www.suchajun.com/richang/xingzhengquhuadaima/130533,130500
3,清河县,130534,https://www.suchajun.com/richang/xingzhengquhuadaima/130534,130500
3,临西县,130535,https://www.suchajun.com/richang/xingzhengquhuadaima/130535,130500
3,南宫市,130581,https://www.suchajun.com/richang/xingzhengquhuadaima/130581,130500
3,沙河市,130582,https://www.suchajun.com/richang/xingzhengquhuadaima/130582,130500
2,保定市,130600,https://www.suchajun.com/richang/xingzhengquhuadaima/130600,130000
3,竞秀区,130602,https://www.suchajun.com/richang/xingzhengquhuadaima/130602,130600
3,莲池区,130606,https://www.suchajun.com/richang/xingzhengquhuadaima/130606,130600
3,满城区,130607,https://www.suchajun.com/richang/xingzhengquhuadaima/130607,130600
3,清苑区,130608,https://www.suchajun.com/richang/xingzhengquhuadaima/130608,130600
3,徐水区,130609,https://www.suchajun.com/richang/xingzhengquhuadaima/130609,130600
3,涞水县,130623,https://www.suchajun.com/richang/xingzhengquhuadaima/130623,130600
3,阜平县,130624,https://www.suchajun.com/richang/xingzhengquhuadaima/130624,130600
3,定兴县,130626,https://www.suchajun.com/richang/xingzhengquhuadaima/130626,130600
3,唐县,130627,https://www.suchajun.com/richang/xingzhengquhuadaima/130627,130600
3,高阳县,130628,https://www.suchajun.com/richang/xingzhengquhuadaima/130628,130600
3,容城县,130629,https://www.suchajun.com/richang/xingzhengquhuadaima/130629,130600
3,涞源县,130630,https://www.suchajun.com/richang/xingzhengquhuadaima/130630,130600
3,望都县,130631,https://www.suchajun.com/richang/xingzhengquhuadaima/130631,130600
3,安新县,130632,https://www.suchajun.com/richang/xingzhengquhuadaima/130632,130600
3,易县,130633,https://www.suchajun.com/richang/xingzhengquhuadaima/130633,130600
3,曲阳县,130634,https://www.suchajun.com/richang/xingzhengquhuadaima/130634,130600
3,蠡县,130635,https://www.suchajun.com/richang/xingzhengquhuadaima/130635,130600
3,顺平县,130636,https://www.suchajun.com/richang/xingzhengquhuadaima/130636,130600
3,博野县,130637,https://www.suchajun.com/richang/xingzhengquhuadaima/130637,130600
3,雄县,130638,https://www.suchajun.com/richang/xingzhengquhuadaima/130638,130600
3,涿州市,130681,https://www.suchajun.com/richang/xingzhengquhuadaima/130681,130600
3,定州市,130682,https://www.suchajun.com/richang/xingzhengquhuadaima/130682,130600
3,安国市,130683,https://www.suchajun.com/richang/xingzhengquhuadaima/130683,130600
3,高碑店市,130684,https://www.suchajun.com/richang/xingzhengquhuadaima/130684,130600
2,张家口市,130700,https://www.suchajun.com/richang/xingzhengquhuadaima/130700,130000
3,桥东区,130702,https://www.suchajun.com/richang/xingzhengquhuadaima/130702,130700
3,桥西区,130703,https://www.suchajun.com/richang/xingzhengquhuadaima/130703,130700
3,宣化区,130705,https://www.suchajun.com/richang/xingzhengquhuadaima/130705,130700
3,下花园区,130706,https://www.suchajun.com/richang/xingzhengquhuadaima/130706,130700
3,万全区,130708,https://www.suchajun.com/richang/xingzhengquhuadaima/130708,130700
3,崇礼区,130709,https://www.suchajun.com/richang/xingzhengquhuadaima/130709,130700
3,张北县,130722,https://www.suchajun.com/richang/xingzhengquhuadaima/130722,130700
3,康保县,130723,https://www.suchajun.com/richang/xingzhengquhuadaima/130723,130700
3,沽源县,130724,https://www.suchajun.com/richang/xingzhengquhuadaima/130724,130700
3,尚义县,130725,https://www.suchajun.com/richang/xingzhengquhuadaima/130725,130700
3,蔚县,130726,https://www.suchajun.com/richang/xingzhengquhuadaima/130726,130700
3,阳原县,130727,https://www.suchajun.com/richang/xingzhengquhuadaima/130727,130700
3,怀安县,130728,https://www.suchajun.com/richang/xingzhengquhuadaima/130728,130700
3,怀来县,130730,https://www.suchajun.com/richang/xingzhengquhuadaima/130730,130700
3,涿鹿县,130731,https://www.suchajun.com/richang/xingzhengquhuadaima/130731,130700
3,赤城县,130732,https://www.suchajun.com/richang/xingzhengquhuadaima/130732,130700
2,承德市,130800,https://www.suchajun.com/richang/xingzhengquhuadaima/130800,130000
3,双桥区,130802,https://www.suchajun.com/richang/xingzhengquhuadaima/130802,130800
3,双滦区,130803,https://www.suchajun.com/richang/xingzhengquhuadaima/130803,130800
3,鹰手营子矿区,130804,https://www.suchajun.com/richang/xingzhengquhuadaima/130804,130800
3,承德县,130821,https://www.suchajun.com/richang/xingzhengquhuadaima/130821,130800
3,兴隆县,130822,https://www.suchajun.com/richang/xingzhengquhuadaima/130822,130800
3,滦平县,130824,https://www.suchajun.com/richang/xingzhengquhuadaima/130824,130800
3,隆化县,130825,https://www.suchajun.com/richang/xingzhengquhuadaima/130825,130800
3,丰宁满族自治县,130826,https://www.suchajun.com/richang/xingzhengquhuadaima/130826,130800
3,宽城满族自治县,130827,https://www.suchajun.com/richang/xingzhengquhuadaima/130827,130800
3,围场满族蒙古族自治县,130828,https://www.suchajun.com/richang/xingzhengquhuadaima/130828,130800
3,平泉市,130881,https://www.suchajun.com/richang/xingzhengquhuadaima/130881,130800
2,沧州市,130900,https://www.suchajun.com/richang/xingzhengquhuadaima/130900,130000
3,新华区,130902,https://www.suchajun.com/richang/xingzhengquhuadaima/130902,130900
3,运河区,130903,https://www.suchajun.com/richang/xingzhengquhuadaima/130903,130900
3,沧县,130921,https://www.suchajun.com/richang/xingzhengquhuadaima/130921,130900
3,青县,130922,https://www.suchajun.com/richang/xingzhengquhuadaima/130922,130900
3,东光县,130923,https://www.suchajun.com/richang/xingzhengquhuadaima/130923,130900
3,海兴县,130924,https://www.suchajun.com/richang/xingzhengquhuadaima/130924,130900
3,盐山县,130925,https://www.suchajun.com/richang/xingzhengquhuadaima/130925,130900
3,肃宁县,130926,https://www.suchajun.com/richang/xingzhengquhuadaima/130926,130900
3,南皮县,130927,https://www.suchajun.com/richang/xingzhengquhuadaima/130927,130900
3,吴桥县,130928,https://www.suchajun.com/richang/xingzhengquhuadaima/130928,130900
3,献县,130929,https://www.suchajun.com/richang/xingzhengquhuadaima/130929,130900
3,孟村回族自治县,130930,https://www.suchajun.com/richang/xingzhengquhuadaima/130930,130900
3,泊头市,130981,https://www.suchajun.com/richang/xingzhengquhuadaima/130981,130900
3,任丘市,130982,https://www.suchajun.com/richang/xingzhengquhuadaima/130982,130900
3,黄骅市,130983,https://www.suchajun.com/richang/xingzhengquhuadaima/130983,130900
3,河间市,130984,https://www.suchajun.com/richang/xingzhengquhuadaima/130984,130900
2,廊坊市,131000,https://www.suchajun.com/richang/xingzhengquhuadaima/131000,130000
3,安次区,131002,https://www.suchajun.com/richang/xingzhengquhuadaima/131002,131000
3,广阳区,131003,https://www.suchajun.com/richang/xingzhengquhuadaima/131003,131000
3,固安县,131022,https://www.suchajun.com/richang/xingzhengquhuadaima/131022,131000
3,永清县,131023,https://www.suchajun.com/richang/xingzhengquhuadaima/131023,131000
3,香河县,131024,https://www.suchajun.com/richang/xingzhengquhuadaima/131024,131000
3,大城县,131025,https://www.suchajun.com/richang/xingzhengquhuadaima/131025,131000
3,文安县,131026,https://www.suchajun.com/richang/xingzhengquhuadaima/131026,131000
3,大厂回族自治县,131028,https://www.suchajun.com/richang/xingzhengquhuadaima/131028,131000
3,霸州市,131081,https://www.suchajun.com/richang/xingzhengquhuadaima/131081,131000
3,三河市,131082,https://www.suchajun.com/richang/xingzhengquhuadaima/131082,131000
2,衡水市,131100,https://www.suchajun.com/richang/xingzhengquhuadaima/131100,130000
3,桃城区,131102,https://www.suchajun.com/richang/xingzhengquhuadaima/131102,131100
3,冀州区,131103,https://www.suchajun.com/richang/xingzhengquhuadaima/131103,131100
3,枣强县,131121,https://www.suchajun.com/richang/xingzhengquhuadaima/131121,131100
3,武邑县,131122,https://www.suchajun.com/richang/xingzhengquhuadaima/131122,131100
3,武强县,131123,https://www.suchajun.com/richang/xingzhengquhuadaima/131123,131100
3,饶阳县,131124,https://www.suchajun.com/richang/xingzhengquhuadaima/131124,131100
3,安平县,131125,https://www.suchajun.com/richang/xingzhengquhuadaima/131125,131100
3,故城县,131126,https://www.suchajun.com/richang/xingzhengquhuadaima/131126,131100
3,景县,131127,https://www.suchajun.com/richang/xingzhengquhuadaima/131127,131100
3,阜城县,131128,https://www.suchajun.com/richang/xingzhengquhuadaima/131128,131100
3,深州市,131182,https://www.suchajun.com/richang/xingzhengquhuadaima/131182,131100
1,山西省,140000,https://www.suchajun.com/richang/xingzhengquhuadaima/140000,
2,太原市,140100,https://www.suchajun.com/richang/xingzhengquhuadaima/140100,140000
3,小店区,140105,https://www.suchajun.com/richang/xingzhengquhuadaima/140105,140100
3,迎泽区,140106,https://www.suchajun.com/richang/xingzhengquhuadaima/140106,140100
3,杏花岭区,140107,https://www.suchajun.com/richang/xingzhengquhuadaima/140107,140100
3,尖草坪区,140108,https://www.suchajun.com/richang/xingzhengquhuadaima/140108,140100
3,万柏林区,140109,https://www.suchajun.com/richang/xingzhengquhuadaima/140109,140100
3,晋源区,140110,https://www.suchajun.com/richang/xingzhengquhuadaima/140110,140100
3,清徐县,140121,https://www.suchajun.com/richang/xingzhengquhuadaima/140121,140100
3,阳曲县,140122,https://www.suchajun.com/richang/xingzhengquhuadaima/140122,140100
3,娄烦县,140123,https://www.suchajun.com/richang/xingzhengquhuadaima/140123,140100
3,古交市,140181,https://www.suchajun.com/richang/xingzhengquhuadaima/140181,140100
2,大同市,140200,https://www.suchajun.com/richang/xingzhengquhuadaima/140200,140000
3,新荣区,140212,https://www.suchajun.com/richang/xingzhengquhuadaima/140212,140200
3,平城区,140213,https://www.suchajun.com/richang/xingzhengquhuadaima/140213,140200
3,云冈区,140214,https://www.suchajun.com/richang/xingzhengquhuadaima/140214,140200
3,云州区,140215,https://www.suchajun.com/richang/xingzhengquhuadaima/140215,140200
3,阳高县,140221,https://www.suchajun.com/richang/xingzhengquhuadaima/140221,140200
3,天镇县,140222,https://www.suchajun.com/richang/xingzhengquhuadaima/140222,140200
3,广灵县,140223,https://www.suchajun.com/richang/xingzhengquhuadaima/140223,140200
3,灵丘县,140224,https://www.suchajun.com/richang/xingzhengquhuadaima/140224,140200
3,浑源县,140225,https://www.suchajun.com/richang/xingzhengquhuadaima/140225,140200
3,左云县,140226,https://www.suchajun.com/richang/xingzhengquhuadaima/140226,140200
3,大同县,140227,https://www.suchajun.com/richang/xingzhengquhuadaima/140227,140200
2,阳泉市,140300,https://www.suchajun.com/richang/xingzhengquhuadaima/140300,140000
3,城区,140302,https://www.suchajun.com/richang/xingzhengquhuadaima/140302,140300
3,矿区,140303,https://www.suchajun.com/richang/xingzhengquhuadaima/140303,140300
3,郊区,140311,https://www.suchajun.com/richang/xingzhengquhuadaima/140311,140300
3,平定县,140321,https://www.suchajun.com/richang/xingzhengquhuadaima/140321,140300
3,盂县,140322,https://www.suchajun.com/richang/xingzhengquhuadaima/140322,140300
2,长治市,140400,https://www.suchajun.com/richang/xingzhengquhuadaima/140400,140000
3,潞州区,140403,https://www.suchajun.com/richang/xingzhengquhuadaima/140403,140400
3,上党区,140404,https://www.suchajun.com/richang/xingzhengquhuadaima/140404,140400
3,屯留区,140405,https://www.suchajun.com/richang/xingzhengquhuadaima/140405,140400
3,潞城区,140406,https://www.suchajun.com/richang/xingzhengquhuadaima/140406,140400
3,襄垣县,140423,https://www.suchajun.com/richang/xingzhengquhuadaima/140423,140400
3,平顺县,140425,https://www.suchajun.com/richang/xingzhengquhuadaima/140425,140400
3,黎城县,140426,https://www.suchajun.com/richang/xingzhengquhuadaima/140426,140400
3,壶关县,140427,https://www.suchajun.com/richang/xingzhengquhuadaima/140427,140400
3,长子县,140428,https://www.suchajun.com/richang/xingzhengquhuadaima/140428,140400
3,武乡县,140429,https://www.suchajun.com/richang/xingzhengquhuadaima/140429,140400
3,沁县,140430,https://www.suchajun.com/richang/xingzhengquhuadaima/140430,140400
3,沁源县,140431,https://www.suchajun.com/richang/xingzhengquhuadaima/140431,140400
2,晋城市,140500,https://www.suchajun.com/richang/xingzhengquhuadaima/140500,140000
3,城区,140502,https://www.suchajun.com/richang/xingzhengquhuadaima/140502,140500
3,沁水县,140521,https://www.suchajun.com/richang/xingzhengquhuadaima/140521,140500
3,阳城县,140522,https://www.suchajun.com/richang/xingzhengquhuadaima/140522,140500
3,陵川县,140524,https://www.suchajun.com/richang/xingzhengquhuadaima/140524,140500
3,泽州县,140525,https://www.suchajun.com/richang/xingzhengquhuadaima/140525,140500
3,高平市,140581,https://www.suchajun.com/richang/xingzhengquhuadaima/140581,140500
2,朔州市,140600,https://www.suchajun.com/richang/xingzhengquhuadaima/140600,140000
3,朔城区,140602,https://www.suchajun.com/richang/xingzhengquhuadaima/140602,140600
3,平鲁区,140603,https://www.suchajun.com/richang/xingzhengquhuadaima/140603,140600
3,山阴县,140621,https://www.suchajun.com/richang/xingzhengquhuadaima/140621,140600
3,应县,140622,https://www.suchajun.com/richang/xingzhengquhuadaima/140622,140600
3,右玉县,140623,https://www.suchajun.com/richang/xingzhengquhuadaima/140623,140600
3,怀仁市,140681,https://www.suchajun.com/richang/xingzhengquhuadaima/140681,140600
2,晋中市,140700,https://www.suchajun.com/richang/xingzhengquhuadaima/140700,140000
3,榆次区,140702,https://www.suchajun.com/richang/xingzhengquhuadaima/140702,140700
3,太古区,140703,https://www.suchajun.com/richang/xingzhengquhuadaima/140703,140700
3,榆社县,140721,https://www.suchajun.com/richang/xingzhengquhuadaima/140721,140700
3,左权县,140722,https://www.suchajun.com/richang/xingzhengquhuadaima/140722,140700
3,和顺县,140723,https://www.suchajun.com/richang/xingzhengquhuadaima/140723,140700
3,昔阳县,140724,https://www.suchajun.com/richang/xingzhengquhuadaima/140724,140700
3,寿阳县,140725,https://www.suchajun.com/richang/xingzhengquhuadaima/140725,140700
3,祁县,140727,https://www.suchajun.com/richang/xingzhengquhuadaima/140727,140700
3,平遥县,140728,https://www.suchajun.com/richang/xingzhengquhuadaima/140728,140700
3,灵石县,140729,https://www.suchajun.com/richang/xingzhengquhuadaima/140729,140700
3,介休市,140781,https://www.suchajun.com/richang/xingzhengquhuadaima/140781,140700
2,运城市,140800,https://www.suchajun.com/richang/xingzhengquhuadaima/140800,140000
3,盐湖区,140802,https://www.suchajun.com/richang/xingzhengquhuadaima/140802,140800
3,临猗县,140821,https://www.suchajun.com/richang/xingzhengquhuadaima/140821,140800
3,万荣县,140822,https://www.suchajun.com/richang/xingzhengquhuadaima/140822,140800
3,闻喜县,140823,https://www.suchajun.com/richang/xingzhengquhuadaima/140823,140800
3,稷山县,140824,https://www.suchajun.com/richang/xingzhengquhuadaima/140824,140800
3,新绛县,140825,https://www.suchajun.com/richang/xingzhengquhuadaima/140825,140800
3,绛县,140826,https://www.suchajun.com/richang/xingzhengquhuadaima/140826,140800
3,垣曲县,140827,https://www.suchajun.com/richang/xingzhengquhuadaima/140827,140800
3,夏县,140828,https://www.suchajun.com/richang/xingzhengquhuadaima/140828,140800
3,平陆县,140829,https://www.suchajun.com/richang/xingzhengquhuadaima/140829,140800
3,芮城县,140830,https://www.suchajun.com/richang/xingzhengquhuadaima/140830,140800
3,永济市,140881,https://www.suchajun.com/richang/xingzhengquhuadaima/140881,140800
3,河津市,140882,https://www.suchajun.com/richang/xingzhengquhuadaima/140882,140800
2,忻州市,140900,https://www.suchajun.com/richang/xingzhengquhuadaima/140900,140000
3,忻府区,140902,https://www.suchajun.com/richang/xingzhengquhuadaima/140902,140900
3,定襄县,140921,https://www.suchajun.com/richang/xingzhengquhuadaima/140921,140900
3,五台县,140922,https://www.suchajun.com/richang/xingzhengquhuadaima/140922,140900
3,代县,140923,https://www.suchajun.com/richang/xingzhengquhuadaima/140923,140900
3,繁峙县,140924,https://www.suchajun.com/richang/xingzhengquhuadaima/140924,140900
3,宁武县,140925,https://www.suchajun.com/richang/xingzhengquhuadaima/140925,140900
3,静乐县,140926,https://www.suchajun.com/richang/xingzhengquhuadaima/140926,140900
3,神池县,140927,https://www.suchajun.com/richang/xingzhengquhuadaima/140927,140900
3,五寨县,140928,https://www.suchajun.com/richang/xingzhengquhuadaima/140928,140900
3,岢岚县,140929,https://www.suchajun.com/richang/xingzhengquhuadaima/140929,140900
3,河曲县,140930,https://www.suchajun.com/richang/xingzhengquhuadaima/140930,140900
3,保德县,140931,https://www.suchajun.com/richang/xingzhengquhuadaima/140931,140900
3,偏关县,140932,https://www.suchajun.com/richang/xingzhengquhuadaima/140932,140900
3,原平市,140981,https://www.suchajun.com/richang/xingzhengquhuadaima/140981,140900
2,临汾市,141000,https://www.suchajun.com/richang/xingzhengquhuadaima/141000,140000
3,尧都区,141002,https://www.suchajun.com/richang/xingzhengquhuadaima/141002,141000
3,曲沃县,141021,https://www.suchajun.com/richang/xingzhengquhuadaima/141021,141000
3,翼城县,141022,https://www.suchajun.com/richang/xingzhengquhuadaima/141022,141000
3,襄汾县,141023,https://www.suchajun.com/richang/xingzhengquhuadaima/141023,141000
3,洪洞县,141024,https://www.suchajun.com/richang/xingzhengquhuadaima/141024,141000
3,古县,141025,https://www.suchajun.com/richang/xingzhengquhuadaima/141025,141000
3,安泽县,141026,https://www.suchajun.com/richang/xingzhengquhuadaima/141026,141000
3,浮山县,141027,https://www.suchajun.com/richang/xingzhengquhuadaima/141027,141000
3,吉县,141028,https://www.suchajun.com/richang/xingzhengquhuadaima/141028,141000
3,乡宁县,141029,https://www.suchajun.com/richang/xingzhengquhuadaima/141029,141000
3,大宁县,141030,https://www.suchajun.com/richang/xingzhengquhuadaima/141030,141000
3,隰县,141031,https://www.suchajun.com/richang/xingzhengquhuadaima/141031,141000
3,永和县,141032,https://www.suchajun.com/richang/xingzhengquhuadaima/141032,141000
3,蒲县,141033,https://www.suchajun.com/richang/xingzhengquhuadaima/141033,141000
3,汾西县,141034,https://www.suchajun.com/richang/xingzhengquhuadaima/141034,141000
3,侯马市,141081,https://www.suchajun.com/richang/xingzhengquhuadaima/141081,141000
3,霍州市,141082,https://www.suchajun.com/richang/xingzhengquhuadaima/141082,141000
2,吕梁市,141100,https://www.suchajun.com/richang/xingzhengquhuadaima/141100,140000
3,离石区,141102,https://www.suchajun.com/richang/xingzhengquhuadaima/141102,141100
3,文水县,141121,https://www.suchajun.com/richang/xingzhengquhuadaima/141121,141100
3,交城县,141122,https://www.suchajun.com/richang/xingzhengquhuadaima/141122,141100
3,兴县,141123,https://www.suchajun.com/richang/xingzhengquhuadaima/141123,141100
3,临县,141124,https://www.suchajun.com/richang/xingzhengquhuadaima/141124,141100
3,柳林县,141125,https://www.suchajun.com/richang/xingzhengquhuadaima/141125,141100
3,石楼县,141126,https://www.suchajun.com/richang/xingzhengquhuadaima/141126,141100
3,岚县,141127,https://www.suchajun.com/richang/xingzhengquhuadaima/141127,141100
3,方山县,141128,https://www.suchajun.com/richang/xingzhengquhuadaima/141128,141100
3,中阳县,141129,https://www.suchajun.com/richang/xingzhengquhuadaima/141129,141100
3,交口县,141130,https://www.suchajun.com/richang/xingzhengquhuadaima/141130,141100
3,孝义市,141181,https://www.suchajun.com/richang/xingzhengquhuadaima/141181,141100
3,汾阳市,141182,https://www.suchajun.com/richang/xingzhengquhuadaima/141182,141100
1,内蒙古自治区,150000,https://www.suchajun.com/richang/xingzhengquhuadaima/150000,
2,呼和浩特市,150100,https://www.suchajun.com/richang/xingzhengquhuadaima/150100,150000
3,新城区,150102,https://www.suchajun.com/richang/xingzhengquhuadaima/150102,150100
3,回民区,150103,https://www.suchajun.com/richang/xingzhengquhuadaima/150103,150100
3,玉泉区,150104,https://www.suchajun.com/richang/xingzhengquhuadaima/150104,150100
3,赛罕区,150105,https://www.suchajun.com/richang/xingzhengquhuadaima/150105,150100
3,土默特左旗,150121,https://www.suchajun.com/richang/xingzhengquhuadaima/150121,150100
3,托克托县,150122,https://www.suchajun.com/richang/xingzhengquhuadaima/150122,150100
3,和林格尔县,150123,https://www.suchajun.com/richang/xingzhengquhuadaima/150123,150100
3,清水河县,150124,https://www.suchajun.com/richang/xingzhengquhuadaima/150124,150100
3,武川县,150125,https://www.suchajun.com/richang/xingzhengquhuadaima/150125,150100
2,包头市,150200,https://www.suchajun.com/richang/xingzhengquhuadaima/150200,150000
3,东河区,150202,https://www.suchajun.com/richang/xingzhengquhuadaima/150202,150200
3,昆都仑区,150203,https://www.suchajun.com/richang/xingzhengquhuadaima/150203,150200
3,青山区,150204,https://www.suchajun.com/richang/xingzhengquhuadaima/150204,150200
3,石拐区,150205,https://www.suchajun.com/richang/xingzhengquhuadaima/150205,150200
3,白云鄂博矿区,150206,https://www.suchajun.com/richang/xingzhengquhuadaima/150206,150200
3,九原区,150207,https://www.suchajun.com/richang/xingzhengquhuadaima/150207,150200
3,土默特右旗,150221,https://www.suchajun.com/richang/xingzhengquhuadaima/150221,150200
3,固阳县,150222,https://www.suchajun.com/richang/xingzhengquhuadaima/150222,150200
3,达尔罕茂明安联合旗,150223,https://www.suchajun.com/richang/xingzhengquhuadaima/150223,150200
2,乌海市,150300,https://www.suchajun.com/richang/xingzhengquhuadaima/150300,150000
3,海勃湾区,150302,https://www.suchajun.com/richang/xingzhengquhuadaima/150302,150300
3,海南区,150303,https://www.suchajun.com/richang/xingzhengquhuadaima/150303,150300
3,乌达区,150304,https://www.suchajun.com/richang/xingzhengquhuadaima/150304,150300
2,赤峰市,150400,https://www.suchajun.com/richang/xingzhengquhuadaima/150400,150000
3,红山区,150402,https://www.suchajun.com/richang/xingzhengquhuadaima/150402,150400
3,元宝山区,150403,https://www.suchajun.com/richang/xingzhengquhuadaima/150403,150400
3,松山区,150404,https://www.suchajun.com/richang/xingzhengquhuadaima/150404,150400
3,阿鲁科尔沁旗,150421,https://www.suchajun.com/richang/xingzhengquhuadaima/150421,150400
3,巴林左旗,150422,https://www.suchajun.com/richang/xingzhengquhuadaima/150422,150400
3,巴林右旗,150423,https://www.suchajun.com/richang/xingzhengquhuadaima/150423,150400
3,林西县,150424,https://www.suchajun.com/richang/xingzhengquhuadaima/150424,150400
3,克什克腾旗,150425,https://www.suchajun.com/richang/xingzhengquhuadaima/150425,150400
3,翁牛特旗,150426,https://www.suchajun.com/richang/xingzhengquhuadaima/150426,150400
3,喀喇沁旗,150428,https://www.suchajun.com/richang/xingzhengquhuadaima/150428,150400
3,宁城县,150429,https://www.suchajun.com/richang/xingzhengquhuadaima/150429,150400
3,敖汉旗,150430,https://www.suchajun.com/richang/xingzhengquhuadaima/150430,150400
2,通辽市,150500,https://www.suchajun.com/richang/xingzhengquhuadaima/150500,150000
3,科尔沁区,150502,https://www.suchajun.com/richang/xingzhengquhuadaima/150502,150500
3,科尔沁左翼中旗,150521,https://www.suchajun.com/richang/xingzhengquhuadaima/150521,150500
3,科尔沁左翼后旗,150522,https://www.suchajun.com/richang/xingzhengquhuadaima/150522,150500
3,开鲁县,150523,https://www.suchajun.com/richang/xingzhengquhuadaima/150523,150500
3,库伦旗,150524,https://www.suchajun.com/richang/xingzhengquhuadaima/150524,150500
3,奈曼旗,150525,https://www.suchajun.com/richang/xingzhengquhuadaima/150525,150500
3,扎鲁特旗,150526,https://www.suchajun.com/richang/xingzhengquhuadaima/150526,150500
3,霍林郭勒市,150581,https://www.suchajun.com/richang/xingzhengquhuadaima/150581,150500
2,鄂尔多斯市,150600,https://www.suchajun.com/richang/xingzhengquhuadaima/150600,150000
3,东胜区,150602,https://www.suchajun.com/richang/xingzhengquhuadaima/150602,150600
3,康巴什区,150603,https://www.suchajun.com/richang/xingzhengquhuadaima/150603,150600
3,达拉特旗,150621,https://www.suchajun.com/richang/xingzhengquhuadaima/150621,150600
3,准格尔旗,150622,https://www.suchajun.com/richang/xingzhengquhuadaima/150622,150600
3,鄂托克前旗,150623,https://www.suchajun.com/richang/xingzhengquhuadaima/150623,150600
3,鄂托克旗,150624,https://www.suchajun.com/richang/xingzhengquhuadaima/150624,150600
3,杭锦旗,150625,https://www.suchajun.com/richang/xingzhengquhuadaima/150625,150600
3,乌审旗,150626,https://www.suchajun.com/richang/xingzhengquhuadaima/150626,150600
3,伊金霍洛旗,150627,https://www.suchajun.com/richang/xingzhengquhuadaima/150627,150600
2,呼伦贝尔市,150700,https://www.suchajun.com/richang/xingzhengquhuadaima/150700,150000
3,海拉尔区,150702,https://www.suchajun.com/richang/xingzhengquhuadaima/150702,150700
3,扎赉诺尔区,150703,https://www.suchajun.com/richang/xingzhengquhuadaima/150703,150700
3,阿荣旗,150721,https://www.suchajun.com/richang/xingzhengquhuadaima/150721,150700
3,莫力达瓦达斡尔族自治旗,150722,https://www.suchajun.com/richang/xingzhengquhuadaima/150722,150700
3,鄂伦春自治旗,150723,https://www.suchajun.com/richang/xingzhengquhuadaima/150723,150700
3,鄂温克族自治旗,150724,https://www.suchajun.com/richang/xingzhengquhuadaima/150724,150700
3,陈巴尔虎旗,150725,https://www.suchajun.com/richang/xingzhengquhuadaima/150725,150700
3,新巴尔虎左旗,150726,https://www.suchajun.com/richang/xingzhengquhuadaima/150726,150700
3,新巴尔虎右旗,150727,https://www.suchajun.com/richang/xingzhengquhuadaima/150727,150700
3,满洲里市,150781,https://www.suchajun.com/richang/xingzhengquhuadaima/150781,150700
3,牙克石市,150782,https://www.suchajun.com/richang/xingzhengquhuadaima/150782,150700
3,扎兰屯市,150783,https://www.suchajun.com/richang/xingzhengquhuadaima/150783,150700
3,额尔古纳市,150784,https://www.suchajun.com/richang/xingzhengquhuadaima/150784,150700
3,根河市,150785,https://www.suchajun.com/richang/xingzhengquhuadaima/150785,150700
2,巴彦淖尔市,150800,https://www.suchajun.com/richang/xingzhengquhuadaima/150800,150000
3,临河区,150802,https://www.suchajun.com/richang/xingzhengquhuadaima/150802,150800
3,五原县,150821,https://www.suchajun.com/richang/xingzhengquhuadaima/150821,150800
3,磴口县,150822,https://www.suchajun.com/richang/xingzhengquhuadaima/150822,150800
3,乌拉特前旗,150823,https://www.suchajun.com/richang/xingzhengquhuadaima/150823,150800
3,乌拉特中旗,150824,https://www.suchajun.com/richang/xingzhengquhuadaima/150824,150800
3,乌拉特后旗,150825,https://www.suchajun.com/richang/xingzhengquhuadaima/150825,150800
3,杭锦后旗,150826,https://www.suchajun.com/richang/xingzhengquhuadaima/150826,150800
2,乌兰察布市,150900,https://www.suchajun.com/richang/xingzhengquhuadaima/150900,150000
3,集宁区,150902,https://www.suchajun.com/richang/xingzhengquhuadaima/150902,150900
3,卓资县,150921,https://www.suchajun.com/richang/xingzhengquhuadaima/150921,150900
3,化德县,150922,https://www.suchajun.com/richang/xingzhengquhuadaima/150922,150900
3,商都县,150923,https://www.suchajun.com/richang/xingzhengquhuadaima/150923,150900
3,兴和县,150924,https://www.suchajun.com/richang/xingzhengquhuadaima/150924,150900
3,凉城县,150925,https://www.suchajun.com/richang/xingzhengquhuadaima/150925,150900
3,察哈尔右翼前旗,150926,https://www.suchajun.com/richang/xingzhengquhuadaima/150926,150900
3,察哈尔右翼中旗,150927,https://www.suchajun.com/richang/xingzhengquhuadaima/150927,150900
3,察哈尔右翼后旗,150928,https://www.suchajun.com/richang/xingzhengquhuadaima/150928,150900
3,四子王旗,150929,https://www.suchajun.com/richang/xingzhengquhuadaima/150929,150900
3,丰镇市,150981,https://www.suchajun.com/richang/xingzhengquhuadaima/150981,150900
2,兴安盟,152200,https://www.suchajun.com/richang/xingzhengquhuadaima/152200,150000
3,乌兰浩特市,152201,https://www.suchajun.com/richang/xingzhengquhuadaima/152201,152200
3,阿尔山市,152202,https://www.suchajun.com/richang/xingzhengquhuadaima/152202,152200
3,科尔沁右翼前旗,152221,https://www.suchajun.com/richang/xingzhengquhuadaima/152221,152200
3,科尔沁右翼中旗,152222,https://www.suchajun.com/richang/xingzhengquhuadaima/152222,152200
3,扎赉特旗,152223,https://www.suchajun.com/richang/xingzhengquhuadaima/152223,152200
3,突泉县,152224,https://www.suchajun.com/richang/xingzhengquhuadaima/152224,152200
2,锡林郭勒盟,152500,https://www.suchajun.com/richang/xingzhengquhuadaima/152500,150000
3,二连浩特市,152501,https://www.suchajun.com/richang/xingzhengquhuadaima/152501,152500
3,锡林浩特市,152502,https://www.suchajun.com/richang/xingzhengquhuadaima/152502,152500
3,阿巴嘎旗,152522,https://www.suchajun.com/richang/xingzhengquhuadaima/152522,152500
3,苏尼特左旗,152523,https://www.suchajun.com/richang/xingzhengquhuadaima/152523,152500
3,苏尼特右旗,152524,https://www.suchajun.com/richang/xingzhengquhuadaima/152524,152500
3,东乌珠穆沁旗,152525,https://www.suchajun.com/richang/xingzhengquhuadaima/152525,152500
3,西乌珠穆沁旗,152526,https://www.suchajun.com/richang/xingzhengquhuadaima/152526,152500
3,太仆寺旗,152527,https://www.suchajun.com/richang/xingzhengquhuadaima/152527,152500
3,镶黄旗,152528,https://www.suchajun.com/richang/xingzhengquhuadaima/152528,152500
3,正镶白旗,152529,https://www.suchajun.com/richang/xingzhengquhuadaima/152529,152500
3,正蓝旗,152530,https://www.suchajun.com/richang/xingzhengquhuadaima/152530,152500
3,多伦县,152531,https://www.suchajun.com/richang/xingzhengquhuadaima/152531,152500
2,阿拉善盟,152900,https://www.suchajun.com/richang/xingzhengquhuadaima/152900,150000
3,阿拉善左旗,152921,https://www.suchajun.com/richang/xingzhengquhuadaima/152921,152900
3,阿拉善右旗,152922,https://www.suchajun.com/richang/xingzhengquhuadaima/152922,152900
3,额济纳旗,152923,https://www.suchajun.com/richang/xingzhengquhuadaima/152923,152900
1,辽宁省,210000,https://www.suchajun.com/richang/xingzhengquhuadaima/210000,
2,沈阳市,210100,https://www.suchajun.com/richang/xingzhengquhuadaima/210100,210000
3,和平区,210102,https://www.suchajun.com/richang/xingzhengquhuadaima/210102,210100
3,沈河区,210103,https://www.suchajun.com/richang/xingzhengquhuadaima/210103,210100
3,大东区,210104,https://www.suchajun.com/richang/xingzhengquhuadaima/210104,210100
3,皇姑区,210105,https://www.suchajun.com/richang/xingzhengquhuadaima/210105,210100
3,铁西区,210106,https://www.suchajun.com/richang/xingzhengquhuadaima/210106,210100
3,苏家屯区,210111,https://www.suchajun.com/richang/xingzhengquhuadaima/210111,210100
3,浑南区,210112,https://www.suchajun.com/richang/xingzhengquhuadaima/210112,210100
3,沈北新区,210113,https://www.suchajun.com/richang/xingzhengquhuadaima/210113,210100
3,于洪区,210114,https://www.suchajun.com/richang/xingzhengquhuadaima/210114,210100
3,辽中区,210115,https://www.suchajun.com/richang/xingzhengquhuadaima/210115,210100
3,康平县,210123,https://www.suchajun.com/richang/xingzhengquhuadaima/210123,210100
3,法库县,210124,https://www.suchajun.com/richang/xingzhengquhuadaima/210124,210100
3,新民市,210181,https://www.suchajun.com/richang/xingzhengquhuadaima/210181,210100
2,大连市,210200,https://www.suchajun.com/richang/xingzhengquhuadaima/210200,210000
3,中山区,210202,https://www.suchajun.com/richang/xingzhengquhuadaima/210202,210200
3,西岗区,210203,https://www.suchajun.com/richang/xingzhengquhuadaima/210203,210200
3,沙河口区,210204,https://www.suchajun.com/richang/xingzhengquhuadaima/210204,210200
3,甘井子区,210211,https://www.suchajun.com/richang/xingzhengquhuadaima/210211,210200
3,旅顺口区,210212,https://www.suchajun.com/richang/xingzhengquhuadaima/210212,210200
3,金州区,210213,https://www.suchajun.com/richang/xingzhengquhuadaima/210213,210200
3,普兰店区,210214,https://www.suchajun.com/richang/xingzhengquhuadaima/210214,210200
3,长海县,210224,https://www.suchajun.com/richang/xingzhengquhuadaima/210224,210200
3,瓦房店市,210281,https://www.suchajun.com/richang/xingzhengquhuadaima/210281,210200
3,庄河市,210283,https://www.suchajun.com/richang/xingzhengquhuadaima/210283,210200
2,鞍山市,210300,https://www.suchajun.com/richang/xingzhengquhuadaima/210300,210000
3,铁东区,210302,https://www.suchajun.com/richang/xingzhengquhuadaima/210302,210300
3,铁西区,210303,https://www.suchajun.com/richang/xingzhengquhuadaima/210303,210300
3,立山区,210304,https://www.suchajun.com/richang/xingzhengquhuadaima/210304,210300
3,千山区,210311,https://www.suchajun.com/richang/xingzhengquhuadaima/210311,210300
3,台安县,210321,https://www.suchajun.com/richang/xingzhengquhuadaima/210321,210300
3,岫岩满族自治县,210323,https://www.suchajun.com/richang/xingzhengquhuadaima/210323,210300
3,海城市,210381,https://www.suchajun.com/richang/xingzhengquhuadaima/210381,210300
2,抚顺市,210400,https://www.suchajun.com/richang/xingzhengquhuadaima/210400,210000
3,新抚区,210402,https://www.suchajun.com/richang/xingzhengquhuadaima/210402,210400
3,东洲区,210403,https://www.suchajun.com/richang/xingzhengquhuadaima/210403,210400
3,望花区,210404,https://www.suchajun.com/richang/xingzhengquhuadaima/210404,210400
3,顺城区,210411,https://www.suchajun.com/richang/xingzhengquhuadaima/210411,210400
3,抚顺县,210421,https://www.suchajun.com/richang/xingzhengquhuadaima/210421,210400
3,新宾满族自治县,210422,https://www.suchajun.com/richang/xingzhengquhuadaima/210422,210400
3,清原满族自治县,210423,https://www.suchajun.com/richang/xingzhengquhuadaima/210423,210400
2,本溪市,210500,https://www.suchajun.com/richang/xingzhengquhuadaima/210500,210000
3,平山区,210502,https://www.suchajun.com/richang/xingzhengquhuadaima/210502,210500
3,溪湖区,210503,https://www.suchajun.com/richang/xingzhengquhuadaima/210503,210500
3,明山区,210504,https://www.suchajun.com/richang/xingzhengquhuadaima/210504,210500
3,南芬区,210505,https://www.suchajun.com/richang/xingzhengquhuadaima/210505,210500
3,本溪满族自治县,210521,https://www.suchajun.com/richang/xingzhengquhuadaima/210521,210500
3,桓仁满族自治县,210522,https://www.suchajun.com/richang/xingzhengquhuadaima/210522,210500
2,丹东市,210600,https://www.suchajun.com/richang/xingzhengquhuadaima/210600,210000
3,元宝区,210602,https://www.suchajun.com/richang/xingzhengquhuadaima/210602,210600
3,振兴区,210603,https://www.suchajun.com/richang/xingzhengquhuadaima/210603,210600
3,振安区,210604,https://www.suchajun.com/richang/xingzhengquhuadaima/210604,210600
3,宽甸满族自治县,210624,https://www.suchajun.com/richang/xingzhengquhuadaima/210624,210600
3,东港市,210681,https://www.suchajun.com/richang/xingzhengquhuadaima/210681,210600
3,凤城市,210682,https://www.suchajun.com/richang/xingzhengquhuadaima/210682,210600
2,锦州市,210700,https://www.suchajun.com/richang/xingzhengquhuadaima/210700,210000
3,古塔区,210702,https://www.suchajun.com/richang/xingzhengquhuadaima/210702,210700
3,凌河区,210703,https://www.suchajun.com/richang/xingzhengquhuadaima/210703,210700
3,太和区,210711,https://www.suchajun.com/richang/xingzhengquhuadaima/210711,210700
3,黑山县,210726,https://www.suchajun.com/richang/xingzhengquhuadaima/210726,210700
3,义县,210727,https://www.suchajun.com/richang/xingzhengquhuadaima/210727,210700
3,凌海市,210781,https://www.suchajun.com/richang/xingzhengquhuadaima/210781,210700
3,北镇市,210782,https://www.suchajun.com/richang/xingzhengquhuadaima/210782,210700
2,营口市,210800,https://www.suchajun.com/richang/xingzhengquhuadaima/210800,210000
3,站前区,210802,https://www.suchajun.com/richang/xingzhengquhuadaima/210802,210800
3,西市区,210803,https://www.suchajun.com/richang/xingzhengquhuadaima/210803,210800
3,鲅鱼圈区,210804,https://www.suchajun.com/richang/xingzhengquhuadaima/210804,210800
3,老边区,210811,https://www.suchajun.com/richang/xingzhengquhuadaima/210811,210800
3,盖州市,210881,https://www.suchajun.com/richang/xingzhengquhuadaima/210881,210800
3,大石桥市,210882,https://www.suchajun.com/richang/xingzhengquhuadaima/210882,210800
2,阜新市,210900,https://www.suchajun.com/richang/xingzhengquhuadaima/210900,210000
3,海州区,210902,https://www.suchajun.com/richang/xingzhengquhuadaima/210902,210900
3,新邱区,210903,https://www.suchajun.com/richang/xingzhengquhuadaima/210903,210900
3,太平区,210904,https://www.suchajun.com/richang/xingzhengquhuadaima/210904,210900
3,清河门区,210905,https://www.suchajun.com/richang/xingzhengquhuadaima/210905,210900
3,细河区,210911,https://www.suchajun.com/richang/xingzhengquhuadaima/210911,210900
3,阜新蒙古族自治县,210921,https://www.suchajun.com/richang/xingzhengquhuadaima/210921,210900
3,彰武县,210922,https://www.suchajun.com/richang/xingzhengquhuadaima/210922,210900
2,辽阳市,211000,https://www.suchajun.com/richang/xingzhengquhuadaima/211000,210000
3,白塔区,211002,https://www.suchajun.com/richang/xingzhengquhuadaima/211002,211000
3,文圣区,211003,https://www.suchajun.com/richang/xingzhengquhuadaima/211003,211000
3,宏伟区,211004,https://www.suchajun.com/richang/xingzhengquhuadaima/211004,211000
3,弓长岭区,211005,https://www.suchajun.com/richang/xingzhengquhuadaima/211005,211000
3,太子河区,211011,https://www.suchajun.com/richang/xingzhengquhuadaima/211011,211000
3,辽阳县,211021,https://www.suchajun.com/richang/xingzhengquhuadaima/211021,211000
3,灯塔市,211081,https://www.suchajun.com/richang/xingzhengquhuadaima/211081,211000
2,盘锦市,211100,https://www.suchajun.com/richang/xingzhengquhuadaima/211100,210000
3,兴隆台区,211102,https://www.suchajun.com/richang/xingzhengquhuadaima/211102,211100
3,双台子区,211103,https://www.suchajun.com/richang/xingzhengquhuadaima/211103,211100
3,大洼区,211104,https://www.suchajun.com/richang/xingzhengquhuadaima/211104,211100
3,盘山县,211122,https://www.suchajun.com/richang/xingzhengquhuadaima/211122,211100
2,铁岭市,211200,https://www.suchajun.com/richang/xingzhengquhuadaima/211200,210000
3,银州区,211202,https://www.suchajun.com/richang/xingzhengquhuadaima/211202,211200
3,清河区,211204,https://www.suchajun.com/richang/xingzhengquhuadaima/211204,211200
3,铁岭县,211221,https://www.suchajun.com/richang/xingzhengquhuadaima/211221,211200
3,西丰县,211223,https://www.suchajun.com/richang/xingzhengquhuadaima/211223,211200
3,昌图县,211224,https://www.suchajun.com/richang/xingzhengquhuadaima/211224,211200
3,调兵山市,211281,https://www.suchajun.com/richang/xingzhengquhuadaima/211281,211200
3,开原市,211282,https://www.suchajun.com/richang/xingzhengquhuadaima/211282,211200
2,朝阳市,211300,https://www.suchajun.com/richang/xingzhengquhuadaima/211300,210000
3,双塔区,211302,https://www.suchajun.com/richang/xingzhengquhuadaima/211302,211300
3,龙城区,211303,https://www.suchajun.com/richang/xingzhengquhuadaima/211303,211300
3,朝阳县,211321,https://www.suchajun.com/richang/xingzhengquhuadaima/211321,211300
3,建平县,211322,https://www.suchajun.com/richang/xingzhengquhuadaima/211322,211300
3,喀喇沁左翼蒙古族自治县,211324,https://www.suchajun.com/richang/xingzhengquhuadaima/211324,211300
3,北票市,211381,https://www.suchajun.com/richang/xingzhengquhuadaima/211381,211300
3,凌源市,211382,https://www.suchajun.com/richang/xingzhengquhuadaima/211382,211300
2,葫芦岛市,211400,https://www.suchajun.com/richang/xingzhengquhuadaima/211400,210000
3,连山区,211402,https://www.suchajun.com/richang/xingzhengquhuadaima/211402,211400
3,龙港区,211403,https://www.suchajun.com/richang/xingzhengquhuadaima/211403,211400
3,南票区,211404,https://www.suchajun.com/richang/xingzhengquhuadaima/211404,211400
3,绥中县,211421,https://www.suchajun.com/richang/xingzhengquhuadaima/211421,211400
3,建昌县,211422,https://www.suchajun.com/richang/xingzhengquhuadaima/211422,211400
3,兴城市,211481,https://www.suchajun.com/richang/xingzhengquhuadaima/211481,211400
1,吉林省,220000,https://www.suchajun.com/richang/xingzhengquhuadaima/220000,
2,长春市,220100,https://www.suchajun.com/richang/xingzhengquhuadaima/220100,220000
3,南关区,220102,https://www.suchajun.com/richang/xingzhengquhuadaima/220102,220100
3,宽城区,220103,https://www.suchajun.com/richang/xingzhengquhuadaima/220103,220100
3,朝阳区,220104,https://www.suchajun.com/richang/xingzhengquhuadaima/220104,220100
3,二道区,220105,https://www.suchajun.com/richang/xingzhengquhuadaima/220105,220100
3,绿园区,220106,https://www.suchajun.com/richang/xingzhengquhuadaima/220106,220100
3,双阳区,220112,https://www.suchajun.com/richang/xingzhengquhuadaima/220112,220100
3,九台区,220113,https://www.suchajun.com/richang/xingzhengquhuadaima/220113,220100
3,农安县,220122,https://www.suchajun.com/richang/xingzhengquhuadaima/220122,220100
3,榆树市,220182,https://www.suchajun.com/richang/xingzhengquhuadaima/220182,220100
3,德惠市,220183,https://www.suchajun.com/richang/xingzhengquhuadaima/220183,220100
3,公主岭市,220184,https://www.suchajun.com/richang/xingzhengquhuadaima/220184,220100
2,吉林市,220200,https://www.suchajun.com/richang/xingzhengquhuadaima/220200,220000
3,昌邑区,220202,https://www.suchajun.com/richang/xingzhengquhuadaima/220202,220200
3,龙潭区,220203,https://www.suchajun.com/richang/xingzhengquhuadaima/220203,220200
3,船营区,220204,https://www.suchajun.com/richang/xingzhengquhuadaima/220204,220200
3,丰满区,220211,https://www.suchajun.com/richang/xingzhengquhuadaima/220211,220200
3,永吉县,220221,https://www.suchajun.com/richang/xingzhengquhuadaima/220221,220200
3,蛟河市,220281,https://www.suchajun.com/richang/xingzhengquhuadaima/220281,220200
3,桦甸市,220282,https://www.suchajun.com/richang/xingzhengquhuadaima/220282,220200
3,舒兰市,220283,https://www.suchajun.com/richang/xingzhengquhuadaima/220283,220200
3,磐石市,220284,https://www.suchajun.com/richang/xingzhengquhuadaima/220284,220200
2,四平市,220300,https://www.suchajun.com/richang/xingzhengquhuadaima/220300,220000
3,铁西区,220302,https://www.suchajun.com/richang/xingzhengquhuadaima/220302,220300
3,铁东区,220303,https://www.suchajun.com/richang/xingzhengquhuadaima/220303,220300
3,梨树县,220322,https://www.suchajun.com/richang/xingzhengquhuadaima/220322,220300
3,伊通满族自治县,220323,https://www.suchajun.com/richang/xingzhengquhuadaima/220323,220300
3,双辽市,220382,https://www.suchajun.com/richang/xingzhengquhuadaima/220382,220300
2,辽源市,220400,https://www.suchajun.com/richang/xingzhengquhuadaima/220400,220000
3,龙山区,220402,https://www.suchajun.com/richang/xingzhengquhuadaima/220402,220400
3,西安区,220403,https://www.suchajun.com/richang/xingzhengquhuadaima/220403,220400
3,东丰县,220421,https://www.suchajun.com/richang/xingzhengquhuadaima/220421,220400
3,东辽县,220422,https://www.suchajun.com/richang/xingzhengquhuadaima/220422,220400
2,通化市,220500,https://www.suchajun.com/richang/xingzhengquhuadaima/220500,220000
3,东昌区,220502,https://www.suchajun.com/richang/xingzhengquhuadaima/220502,220500
3,二道江区,220503,https://www.suchajun.com/richang/xingzhengquhuadaima/220503,220500
3,通化县,220521,https://www.suchajun.com/richang/xingzhengquhuadaima/220521,220500
3,辉南县,220523,https://www.suchajun.com/richang/xingzhengquhuadaima/220523,220500
3,柳河县,220524,https://www.suchajun.com/richang/xingzhengquhuadaima/220524,220500
3,梅河口市,220581,https://www.suchajun.com/richang/xingzhengquhuadaima/220581,220500
3,集安市,220582,https://www.suchajun.com/richang/xingzhengquhuadaima/220582,220500
2,白山市,220600,https://www.suchajun.com/richang/xingzhengquhuadaima/220600,220000
3,浑江区,220602,https://www.suchajun.com/richang/xingzhengquhuadaima/220602,220600
3,江源区,220605,https://www.suchajun.com/richang/xingzhengquhuadaima/220605,220600
3,抚松县,220621,https://www.suchajun.com/richang/xingzhengquhuadaima/220621,220600
3,靖宇县,220622,https://www.suchajun.com/richang/xingzhengquhuadaima/220622,220600
3,长白朝鲜族自治县,220623,https://www.suchajun.com/richang/xingzhengquhuadaima/220623,220600
3,临江市,220681,https://www.suchajun.com/richang/xingzhengquhuadaima/220681,220600
2,松原市,220700,https://www.suchajun.com/richang/xingzhengquhuadaima/220700,220000
3,宁江区,220702,https://www.suchajun.com/richang/xingzhengquhuadaima/220702,220700
3,前郭尔罗斯蒙古族自治县,220721,https://www.suchajun.com/richang/xingzhengquhuadaima/220721,220700
3,长岭县,220722,https://www.suchajun.com/richang/xingzhengquhuadaima/220722,220700
3,乾安县,220723,https://www.suchajun.com/richang/xingzhengquhuadaima/220723,220700
3,扶余市,220781,https://www.suchajun.com/richang/xingzhengquhuadaima/220781,220700
2,白城市,220800,https://www.suchajun.com/richang/xingzhengquhuadaima/220800,220000
3,洮北区,220802,https://www.suchajun.com/richang/xingzhengquhuadaima/220802,220800
3,镇赉县,220821,https://www.suchajun.com/richang/xingzhengquhuadaima/220821,220800
3,通榆县,220822,https://www.suchajun.com/richang/xingzhengquhuadaima/220822,220800
3,洮南市,220881,https://www.suchajun.com/richang/xingzhengquhuadaima/220881,220800
3,大安市,220882,https://www.suchajun.com/richang/xingzhengquhuadaima/220882,220800
2,延边朝鲜族自治州,222400,https://www.suchajun.com/richang/xingzhengquhuadaima/222400,220000
3,延吉市,222401,https://www.suchajun.com/richang/xingzhengquhuadaima/222401,222400
3,图们市,222402,https://www.suchajun.com/richang/xingzhengquhuadaima/222402,222400
3,敦化市,222403,https://www.suchajun.com/richang/xingzhengquhuadaima/222403,222400
3,珲春市,222404,https://www.suchajun.com/richang/xingzhengquhuadaima/222404,222400
3,龙井市,222405,https://www.suchajun.com/richang/xingzhengquhuadaima/222405,222400
3,和龙市,222406,https://www.suchajun.com/richang/xingzhengquhuadaima/222406,222400
3,汪清县,222424,https://www.suchajun.com/richang/xingzhengquhuadaima/222424,222400
3,安图县,222426,https://www.suchajun.com/richang/xingzhengquhuadaima/222426,222400
1,黑龙江省,230000,https://www.suchajun.com/richang/xingzhengquhuadaima/230000,
2,哈尔滨市,230100,https://www.suchajun.com/richang/xingzhengquhuadaima/230100,230000
3,道里区,230102,https://www.suchajun.com/richang/xingzhengquhuadaima/230102,230100
3,南岗区,230103,https://www.suchajun.com/richang/xingzhengquhuadaima/230103,230100
3,道外区,230104,https://www.suchajun.com/richang/xingzhengquhuadaima/230104,230100
3,平房区,230108,https://www.suchajun.com/richang/xingzhengquhuadaima/230108,230100
3,松北区,230109,https://www.suchajun.com/richang/xingzhengquhuadaima/230109,230100
3,香坊区,230110,https://www.suchajun.com/richang/xingzhengquhuadaima/230110,230100
3,呼兰区,230111,https://www.suchajun.com/richang/xingzhengquhuadaima/230111,230100
3,阿城区,230112,https://www.suchajun.com/richang/xingzhengquhuadaima/230112,230100
3,双城区,230113,https://www.suchajun.com/richang/xingzhengquhuadaima/230113,230100
3,依兰县,230123,https://www.suchajun.com/richang/xingzhengquhuadaima/230123,230100
3,方正县,230124,https://www.suchajun.com/richang/xingzhengquhuadaima/230124,230100
3,宾县,230125,https://www.suchajun.com/richang/xingzhengquhuadaima/230125,230100
3,巴彦县,230126,https://www.suchajun.com/richang/xingzhengquhuadaima/230126,230100
3,木兰县,230127,https://www.suchajun.com/richang/xingzhengquhuadaima/230127,230100
3,通河县,230128,https://www.suchajun.com/richang/xingzhengquhuadaima/230128,230100
3,延寿县,230129,https://www.suchajun.com/richang/xingzhengquhuadaima/230129,230100
3,尚志市,230183,https://www.suchajun.com/richang/xingzhengquhuadaima/230183,230100
3,五常市,230184,https://www.suchajun.com/richang/xingzhengquhuadaima/230184,230100
2,齐齐哈尔市,230200,https://www.suchajun.com/richang/xingzhengquhuadaima/230200,230000
3,龙沙区,230202,https://www.suchajun.com/richang/xingzhengquhuadaima/230202,230200
3,建华区,230203,https://www.suchajun.com/richang/xingzhengquhuadaima/230203,230200
3,铁锋区,230204,https://www.suchajun.com/richang/xingzhengquhuadaima/230204,230200
3,昂昂溪区,230205,https://www.suchajun.com/richang/xingzhengquhuadaima/230205,230200
3,富拉尔基区,230206,https://www.suchajun.com/richang/xingzhengquhuadaima/230206,230200
3,碾子山区,230207,https://www.suchajun.com/richang/xingzhengquhuadaima/230207,230200
3,梅里斯达斡尔族区,230208,https://www.suchajun.com/richang/xingzhengquhuadaima/230208,230200
3,龙江县,230221,https://www.suchajun.com/richang/xingzhengquhuadaima/230221,230200
3,依安县,230223,https://www.suchajun.com/richang/xingzhengquhuadaima/230223,230200
3,泰来县,230224,https://www.suchajun.com/richang/xingzhengquhuadaima/230224,230200
3,甘南县,230225,https://www.suchajun.com/richang/xingzhengquhuadaima/230225,230200
3,富裕县,230227,https://www.suchajun.com/richang/xingzhengquhuadaima/230227,230200
3,克山县,230229,https://www.suchajun.com/richang/xingzhengquhuadaima/230229,230200
3,克东县,230230,https://www.suchajun.com/richang/xingzhengquhuadaima/230230,230200
3,拜泉县,230231,https://www.suchajun.com/richang/xingzhengquhuadaima/230231,230200
3,讷河市,230281,https://www.suchajun.com/richang/xingzhengquhuadaima/230281,230200
2,鸡西市,230300,https://www.suchajun.com/richang/xingzhengquhuadaima/230300,230000
3,鸡冠区,230302,https://www.suchajun.com/richang/xingzhengquhuadaima/230302,230300
3,恒山区,230303,https://www.suchajun.com/richang/xingzhengquhuadaima/230303,230300
3,滴道区,230304,https://www.suchajun.com/richang/xingzhengquhuadaima/230304,230300
3,梨树区,230305,https://www.suchajun.com/richang/xingzhengquhuadaima/230305,230300
3,城子河区,230306,https://www.suchajun.com/richang/xingzhengquhuadaima/230306,230300
3,麻山区,230307,https://www.suchajun.com/richang/xingzhengquhuadaima/230307,230300
3,鸡东县,230321,https://www.suchajun.com/richang/xingzhengquhuadaima/230321,230300
3,虎林市,230381,https://www.suchajun.com/richang/xingzhengquhuadaima/230381,230300
3,密山市,230382,https://www.suchajun.com/richang/xingzhengquhuadaima/230382,230300
2,鹤岗市,230400,https://www.suchajun.com/richang/xingzhengquhuadaima/230400,230000
3,向阳区,230402,https://www.suchajun.com/richang/xingzhengquhuadaima/230402,230400
3,工农区,230403,https://www.suchajun.com/richang/xingzhengquhuadaima/230403,230400
3,南山区,230404,https://www.suchajun.com/richang/xingzhengquhuadaima/230404,230400
3,兴安区,230405,https://www.suchajun.com/richang/xingzhengquhuadaima/230405,230400
3,东山区,230406,https://www.suchajun.com/richang/xingzhengquhuadaima/230406,230400
3,兴山区,230407,https://www.suchajun.com/richang/xingzhengquhuadaima/230407,230400
3,萝北县,230421,https://www.suchajun.com/richang/xingzhengquhuadaima/230421,230400
3,绥滨县,230422,https://www.suchajun.com/richang/xingzhengquhuadaima/230422,230400
2,双鸭山市,230500,https://www.suchajun.com/richang/xingzhengquhuadaima/230500,230000
3,尖山区,230502,https://www.suchajun.com/richang/xingzhengquhuadaima/230502,230500
3,岭东区,230503,https://www.suchajun.com/richang/xingzhengquhuadaima/230503,230500
3,四方台区,230505,https://www.suchajun.com/richang/xingzhengquhuadaima/230505,230500
3,宝山区,230506,https://www.suchajun.com/richang/xingzhengquhuadaima/230506,230500
3,集贤县,230521,https://www.suchajun.com/richang/xingzhengquhuadaima/230521,230500
3,友谊县,230522,https://www.suchajun.com/richang/xingzhengquhuadaima/230522,230500
3,宝清县,230523,https://www.suchajun.com/richang/xingzhengquhuadaima/230523,230500
3,饶河县,230524,https://www.suchajun.com/richang/xingzhengquhuadaima/230524,230500
2,大庆市,230600,https://www.suchajun.com/richang/xingzhengquhuadaima/230600,230000
3,萨尔图区,230602,https://www.suchajun.com/richang/xingzhengquhuadaima/230602,230600
3,龙凤区,230603,https://www.suchajun.com/richang/xingzhengquhuadaima/230603,230600
3,让胡路区,230604,https://www.suchajun.com/richang/xingzhengquhuadaima/230604,230600
3,红岗区,230605,https://www.suchajun.com/richang/xingzhengquhuadaima/230605,230600
3,大同区,230606,https://www.suchajun.com/richang/xingzhengquhuadaima/230606,230600
3,肇州县,230621,https://www.suchajun.com/richang/xingzhengquhuadaima/230621,230600
3,肇源县,230622,https://www.suchajun.com/richang/xingzhengquhuadaima/230622,230600
3,林甸县,230623,https://www.suchajun.com/richang/xingzhengquhuadaima/230623,230600
3,杜尔伯特蒙古族自治县,230624,https://www.suchajun.com/richang/xingzhengquhuadaima/230624,230600
2,伊春市,230700,https://www.suchajun.com/richang/xingzhengquhuadaima/230700,230000
3,伊美区,230717,https://www.suchajun.com/richang/xingzhengquhuadaima/230717,230700
3,乌翠区,230718,https://www.suchajun.com/richang/xingzhengquhuadaima/230718,230700
3,友好区,230719,https://www.suchajun.com/richang/xingzhengquhuadaima/230719,230700
3,嘉荫县,230722,https://www.suchajun.com/richang/xingzhengquhuadaima/230722,230700
3,汤旺县,230723,https://www.suchajun.com/richang/xingzhengquhuadaima/230723,230700
3,丰林县,230724,https://www.suchajun.com/richang/xingzhengquhuadaima/230724,230700
3,大箐山县,230725,https://www.suchajun.com/richang/xingzhengquhuadaima/230725,230700
3,南岔县,230726,https://www.suchajun.com/richang/xingzhengquhuadaima/230726,230700
3,金林区,230751,https://www.suchajun.com/richang/xingzhengquhuadaima/230751,230700
3,铁力市,230781,https://www.suchajun.com/richang/xingzhengquhuadaima/230781,230700
2,佳木斯市,230800,https://www.suchajun.com/richang/xingzhengquhuadaima/230800,230000
3,向阳区,230803,https://www.suchajun.com/richang/xingzhengquhuadaima/230803,230800
3,前进区,230804,https://www.suchajun.com/richang/xingzhengquhuadaima/230804,230800
3,东风区,230805,https://www.suchajun.com/richang/xingzhengquhuadaima/230805,230800
3,郊区,230811,https://www.suchajun.com/richang/xingzhengquhuadaima/230811,230800
3,桦南县,230822,https://www.suchajun.com/richang/xingzhengquhuadaima/230822,230800
3,桦川县,230826,https://www.suchajun.com/richang/xingzhengquhuadaima/230826,230800
3,汤原县,230828,https://www.suchajun.com/richang/xingzhengquhuadaima/230828,230800
3,同江市,230881,https://www.suchajun.com/richang/xingzhengquhuadaima/230881,230800
3,富锦市,230882,https://www.suchajun.com/richang/xingzhengquhuadaima/230882,230800
3,抚远市,230883,https://www.suchajun.com/richang/xingzhengquhuadaima/230883,230800
2,七台河市,230900,https://www.suchajun.com/richang/xingzhengquhuadaima/230900,230000
3,新兴区,230902,https://www.suchajun.com/richang/xingzhengquhuadaima/230902,230900
3,桃山区,230903,https://www.suchajun.com/richang/xingzhengquhuadaima/230903,230900
3,茄子河区,230904,https://www.suchajun.com/richang/xingzhengquhuadaima/230904,230900
3,勃利县,230921,https://www.suchajun.com/richang/xingzhengquhuadaima/230921,230900
2,牡丹江市,231000,https://www.suchajun.com/richang/xingzhengquhuadaima/231000,230000
3,东安区,231002,https://www.suchajun.com/richang/xingzhengquhuadaima/231002,231000
3,阳明区,231003,https://www.suchajun.com/richang/xingzhengquhuadaima/231003,231000
3,爱民区,231004,https://www.suchajun.com/richang/xingzhengquhuadaima/231004,231000
3,西安区,231005,https://www.suchajun.com/richang/xingzhengquhuadaima/231005,231000
3,林口县,231025,https://www.suchajun.com/richang/xingzhengquhuadaima/231025,231000
3,绥芬河市,231081,https://www.suchajun.com/richang/xingzhengquhuadaima/231081,231000
3,海林市,231083,https://www.suchajun.com/richang/xingzhengquhuadaima/231083,231000
3,宁安市,231084,https://www.suchajun.com/richang/xingzhengquhuadaima/231084,231000
3,穆棱市,231085,https://www.suchajun.com/richang/xingzhengquhuadaima/231085,231000
3,东宁市,231086,https://www.suchajun.com/richang/xingzhengquhuadaima/231086,231000
2,黑河市,231100,https://www.suchajun.com/richang/xingzhengquhuadaima/231100,230000
3,爱辉区,231102,https://www.suchajun.com/richang/xingzhengquhuadaima/231102,231100
3,逊克县,231123,https://www.suchajun.com/richang/xingzhengquhuadaima/231123,231100
3,孙吴县,231124,https://www.suchajun.com/richang/xingzhengquhuadaima/231124,231100
3,北安市,231181,https://www.suchajun.com/richang/xingzhengquhuadaima/231181,231100
3,五大连池市,231182,https://www.suchajun.com/richang/xingzhengquhuadaima/231182,231100
3,嫩江市,231183,https://www.suchajun.com/richang/xingzhengquhuadaima/231183,231100
2,绥化市,231200,https://www.suchajun.com/richang/xingzhengquhuadaima/231200,230000
3,北林区,231202,https://www.suchajun.com/richang/xingzhengquhuadaima/231202,231200
3,望奎县,231221,https://www.suchajun.com/richang/xingzhengquhuadaima/231221,231200
3,兰西县,231222,https://www.suchajun.com/richang/xingzhengquhuadaima/231222,231200
3,青冈县,231223,https://www.suchajun.com/richang/xingzhengquhuadaima/231223,231200
3,庆安县,231224,https://www.suchajun.com/richang/xingzhengquhuadaima/231224,231200
3,明水县,231225,https://www.suchajun.com/richang/xingzhengquhuadaima/231225,231200
3,绥棱县,231226,https://www.suchajun.com/richang/xingzhengquhuadaima/231226,231200
3,安达市,231281,https://www.suchajun.com/richang/xingzhengquhuadaima/231281,231200
3,肇东市,231282,https://www.suchajun.com/richang/xingzhengquhuadaima/231282,231200
3,海伦市,231283,https://www.suchajun.com/richang/xingzhengquhuadaima/231283,231200
2,大兴安岭地区,232700,https://www.suchajun.com/richang/xingzhengquhuadaima/232700,230000
3,漠河市,232701,https://www.suchajun.com/richang/xingzhengquhuadaima/232701,232700
3,呼玛县,232721,https://www.suchajun.com/richang/xingzhengquhuadaima/232721,232700
3,塔河县,232722,https://www.suchajun.com/richang/xingzhengquhuadaima/232722,232700
1,上海市,310000,https://www.suchajun.com/richang/xingzhengquhuadaima/310000,
2,黄浦区,310101,https://www.suchajun.com/richang/xingzhengquhuadaima/310101,310000
2,徐汇区,310104,https://www.suchajun.com/richang/xingzhengquhuadaima/310104,310000
2,长宁区,310105,https://www.suchajun.com/richang/xingzhengquhuadaima/310105,310000
2,静安区,310106,https://www.suchajun.com/richang/xingzhengquhuadaima/310106,310000
2,普陀区,310107,https://www.suchajun.com/richang/xingzhengquhuadaima/310107,310000
2,虹口区,310109,https://www.suchajun.com/richang/xingzhengquhuadaima/310109,310000
2,杨浦区,310110,https://www.suchajun.com/richang/xingzhengquhuadaima/310110,310000
2,闵行区,310112,https://www.suchajun.com/richang/xingzhengquhuadaima/310112,310000
2,宝山区,310113,https://www.suchajun.com/richang/xingzhengquhuadaima/310113,310000
2,嘉定区,310114,https://www.suchajun.com/richang/xingzhengquhuadaima/310114,310000
2,浦东新区,310115,https://www.suchajun.com/richang/xingzhengquhuadaima/310115,310000
2,金山区,310116,https://www.suchajun.com/richang/xingzhengquhuadaima/310116,310000
2,松江区,310117,https://www.suchajun.com/richang/xingzhengquhuadaima/310117,310000
2,青浦区,310118,https://www.suchajun.com/richang/xingzhengquhuadaima/310118,310000
2,奉贤区,310120,https://www.suchajun.com/richang/xingzhengquhuadaima/310120,310000
2,崇明区,310151,https://www.suchajun.com/richang/xingzhengquhuadaima/310151,310000
1,江苏省,320000,https://www.suchajun.com/richang/xingzhengquhuadaima/320000,
2,南京市,320100,https://www.suchajun.com/richang/xingzhengquhuadaima/320100,320000
3,玄武区,320102,https://www.suchajun.com/richang/xingzhengquhuadaima/320102,320100
3,秦淮区,320104,https://www.suchajun.com/richang/xingzhengquhuadaima/320104,320100
3,建邺区,320105,https://www.suchajun.com/richang/xingzhengquhuadaima/320105,320100
3,鼓楼区,320106,https://www.suchajun.com/richang/xingzhengquhuadaima/320106,320100
3,浦口区,320111,https://www.suchajun.com/richang/xingzhengquhuadaima/320111,320100
3,栖霞区,320113,https://www.suchajun.com/richang/xingzhengquhuadaima/320113,320100
3,雨花台区,320114,https://www.suchajun.com/richang/xingzhengquhuadaima/320114,320100
3,江宁区,320115,https://www.suchajun.com/richang/xingzhengquhuadaima/320115,320100
3,六合区,320116,https://www.suchajun.com/richang/xingzhengquhuadaima/320116,320100
3,溧水区,320117,https://www.suchajun.com/richang/xingzhengquhuadaima/320117,320100
3,高淳区,320118,https://www.suchajun.com/richang/xingzhengquhuadaima/320118,320100
2,无锡市,320200,https://www.suchajun.com/richang/xingzhengquhuadaima/320200,320000
3,锡山区,320205,https://www.suchajun.com/richang/xingzhengquhuadaima/320205,320200
3,惠山区,320206,https://www.suchajun.com/richang/xingzhengquhuadaima/320206,320200
3,滨湖区,320211,https://www.suchajun.com/richang/xingzhengquhuadaima/320211,320200
3,梁溪区,320213,https://www.suchajun.com/richang/xingzhengquhuadaima/320213,320200
3,新吴区,320214,https://www.suchajun.com/richang/xingzhengquhuadaima/320214,320200
3,江阴市,320281,https://www.suchajun.com/richang/xingzhengquhuadaima/320281,320200
3,宜兴市,320282,https://www.suchajun.com/richang/xingzhengquhuadaima/320282,320200
2,徐州市,320300,https://www.suchajun.com/richang/xingzhengquhuadaima/320300,320000
3,鼓楼区,320302,https://www.suchajun.com/richang/xingzhengquhuadaima/320302,320300
3,云龙区,320303,https://www.suchajun.com/richang/xingzhengquhuadaima/320303,320300
3,贾汪区,320305,https://www.suchajun.com/richang/xingzhengquhuadaima/320305,320300
3,泉山区,320311,https://www.suchajun.com/richang/xingzhengquhuadaima/320311,320300
3,铜山区,320312,https://www.suchajun.com/richang/xingzhengquhuadaima/320312,320300
3,丰县,320321,https://www.suchajun.com/richang/xingzhengquhuadaima/320321,320300
3,沛县,320322,https://www.suchajun.com/richang/xingzhengquhuadaima/320322,320300
3,睢宁县,320324,https://www.suchajun.com/richang/xingzhengquhuadaima/320324,320300
3,新沂市,320381,https://www.suchajun.com/richang/xingzhengquhuadaima/320381,320300
3,邳州市,320382,https://www.suchajun.com/richang/xingzhengquhuadaima/320382,320300
2,常州市,320400,https://www.suchajun.com/richang/xingzhengquhuadaima/320400,320000
3,天宁区,320402,https://www.suchajun.com/richang/xingzhengquhuadaima/320402,320400
3,钟楼区,320404,https://www.suchajun.com/richang/xingzhengquhuadaima/320404,320400
3,新北区,320411,https://www.suchajun.com/richang/xingzhengquhuadaima/320411,320400
3,武进区,320412,https://www.suchajun.com/richang/xingzhengquhuadaima/320412,320400
3,金坛区,320413,https://www.suchajun.com/richang/xingzhengquhuadaima/320413,320400
3,溧阳市,320481,https://www.suchajun.com/richang/xingzhengquhuadaima/320481,320400
2,苏州市,320500,https://www.suchajun.com/richang/xingzhengquhuadaima/320500,320000
3,虎丘区,320505,https://www.suchajun.com/richang/xingzhengquhuadaima/320505,320500
3,吴中区,320506,https://www.suchajun.com/richang/xingzhengquhuadaima/320506,320500
3,相城区,320507,https://www.suchajun.com/richang/xingzhengquhuadaima/320507,320500
3,姑苏区,320508,https://www.suchajun.com/richang/xingzhengquhuadaima/320508,320500
3,吴江区,320509,https://www.suchajun.com/richang/xingzhengquhuadaima/320509,320500
3,常熟市,320581,https://www.suchajun.com/richang/xingzhengquhuadaima/320581,320500
3,张家港市,320582,https://www.suchajun.com/richang/xingzhengquhuadaima/320582,320500
3,昆山市,320583,https://www.suchajun.com/richang/xingzhengquhuadaima/320583,320500
3,太仓市,320585,https://www.suchajun.com/richang/xingzhengquhuadaima/320585,320500
2,南通市,320600,https://www.suchajun.com/richang/xingzhengquhuadaima/320600,320000
3,通州区,320612,https://www.suchajun.com/richang/xingzhengquhuadaima/320612,320600
3,崇川区,320613,https://www.suchajun.com/richang/xingzhengquhuadaima/320613,320600
3,海门区,320614,https://www.suchajun.com/richang/xingzhengquhuadaima/320614,320600
3,如东县,320623,https://www.suchajun.com/richang/xingzhengquhuadaima/320623,320600
3,启东市,320681,https://www.suchajun.com/richang/xingzhengquhuadaima/320681,320600
3,如皋市,320682,https://www.suchajun.com/richang/xingzhengquhuadaima/320682,320600
3,海安市,320685,https://www.suchajun.com/richang/xingzhengquhuadaima/320685,320600
2,连云港市,320700,https://www.suchajun.com/richang/xingzhengquhuadaima/320700,320000
3,连云区,320703,https://www.suchajun.com/richang/xingzhengquhuadaima/320703,320700
3,海州区,320706,https://www.suchajun.com/richang/xingzhengquhuadaima/320706,320700
3,赣榆区,320707,https://www.suchajun.com/richang/xingzhengquhuadaima/320707,320700
3,东海县,320722,https://www.suchajun.com/richang/xingzhengquhuadaima/320722,320700
3,灌云县,320723,https://www.suchajun.com/richang/xingzhengquhuadaima/320723,320700
3,灌南县,320724,https://www.suchajun.com/richang/xingzhengquhuadaima/320724,320700
2,淮安市,320800,https://www.suchajun.com/richang/xingzhengquhuadaima/320800,320000
3,淮安区,320803,https://www.suchajun.com/richang/xingzhengquhuadaima/320803,320800
3,淮阴区,320804,https://www.suchajun.com/richang/xingzhengquhuadaima/320804,320800
3,清江浦区,320812,https://www.suchajun.com/richang/xingzhengquhuadaima/320812,320800
3,洪泽区,320813,https://www.suchajun.com/richang/xingzhengquhuadaima/320813,320800
3,涟水县,320826,https://www.suchajun.com/richang/xingzhengquhuadaima/320826,320800
3,盱眙县,320830,https://www.suchajun.com/richang/xingzhengquhuadaima/320830,320800
3,金湖县,320831,https://www.suchajun.com/richang/xingzhengquhuadaima/320831,320800
2,盐城市,320900,https://www.suchajun.com/richang/xingzhengquhuadaima/320900,320000
3,亭湖区,320902,https://www.suchajun.com/richang/xingzhengquhuadaima/320902,320900
3,盐都区,320903,https://www.suchajun.com/richang/xingzhengquhuadaima/320903,320900
3,大丰区,320904,https://www.suchajun.com/richang/xingzhengquhuadaima/320904,320900
3,响水县,320921,https://www.suchajun.com/richang/xingzhengquhuadaima/320921,320900
3,滨海县,320922,https://www.suchajun.com/richang/xingzhengquhuadaima/320922,320900
3,阜宁县,320923,https://www.suchajun.com/richang/xingzhengquhuadaima/320923,320900
3,射阳县,320924,https://www.suchajun.com/richang/xingzhengquhuadaima/320924,320900
3,建湖县,320925,https://www.suchajun.com/richang/xingzhengquhuadaima/320925,320900
3,东台市,320981,https://www.suchajun.com/richang/xingzhengquhuadaima/320981,320900
2,扬州市,321000,https://www.suchajun.com/richang/xingzhengquhuadaima/321000,320000
3,广陵区,321002,https://www.suchajun.com/richang/xingzhengquhuadaima/321002,321000
3,邗江区,321003,https://www.suchajun.com/richang/xingzhengquhuadaima/321003,321000
3,江都区,321012,https://www.suchajun.com/richang/xingzhengquhuadaima/321012,321000
3,宝应县,321023,https://www.suchajun.com/richang/xingzhengquhuadaima/321023,321000
3,仪征市,321081,https://www.suchajun.com/richang/xingzhengquhuadaima/321081,321000
3,高邮市,321084,https://www.suchajun.com/richang/xingzhengquhuadaima/321084,321000
2,镇江市,321100,https://www.suchajun.com/richang/xingzhengquhuadaima/321100,320000
3,京口区,321102,https://www.suchajun.com/richang/xingzhengquhuadaima/321102,321100
3,润州区,321111,https://www.suchajun.com/richang/xingzhengquhuadaima/321111,321100
3,丹徒区,321112,https://www.suchajun.com/richang/xingzhengquhuadaima/321112,321100
3,丹阳市,321181,https://www.suchajun.com/richang/xingzhengquhuadaima/321181,321100
3,扬中市,321182,https://www.suchajun.com/richang/xingzhengquhuadaima/321182,321100
3,句容市,321183,https://www.suchajun.com/richang/xingzhengquhuadaima/321183,321100
2,泰州市,321200,https://www.suchajun.com/richang/xingzhengquhuadaima/321200,320000
3,海陵区,321202,https://www.suchajun.com/richang/xingzhengquhuadaima/321202,321200
3,高港区,321203,https://www.suchajun.com/richang/xingzhengquhuadaima/321203,321200
3,姜堰区,321204,https://www.suchajun.com/richang/xingzhengquhuadaima/321204,321200
3,兴化市,321281,https://www.suchajun.com/richang/xingzhengquhuadaima/321281,321200
3,靖江市,321282,https://www.suchajun.com/richang/xingzhengquhuadaima/321282,321200
3,泰兴市,321283,https://www.suchajun.com/richang/xingzhengquhuadaima/321283,321200
2,宿迁市,321300,https://www.suchajun.com/richang/xingzhengquhuadaima/321300,320000
3,宿城区,321302,https://www.suchajun.com/richang/xingzhengquhuadaima/321302,321300
3,宿豫区,321311,https://www.suchajun.com/richang/xingzhengquhuadaima/321311,321300
3,沭阳县,321322,https://www.suchajun.com/richang/xingzhengquhuadaima/321322,321300
3,泗阳县,321323,https://www.suchajun.com/richang/xingzhengquhuadaima/321323,321300
3,泗洪县,321324,https://www.suchajun.com/richang/xingzhengquhuadaima/321324,321300
1,浙江省,330000,https://www.suchajun.com/richang/xingzhengquhuadaima/330000,
2,杭州市,330100,https://www.suchajun.com/richang/xingzhengquhuadaima/330100,330000
3,上城区,330102,https://www.suchajun.com/richang/xingzhengquhuadaima/330102,330100
3,拱墅区,330105,https://www.suchajun.com/richang/xingzhengquhuadaima/330105,330100
3,西湖区,330106,https://www.suchajun.com/richang/xingzhengquhuadaima/330106,330100
3,滨江区,330108,https://www.suchajun.com/richang/xingzhengquhuadaima/330108,330100
3,萧山区,330109,https://www.suchajun.com/richang/xingzhengquhuadaima/330109,330100
3,余杭区,330110,https://www.suchajun.com/richang/xingzhengquhuadaima/330110,330100
3,富阳区,330111,https://www.suchajun.com/richang/xingzhengquhuadaima/330111,330100
3,临安区,330112,https://www.suchajun.com/richang/xingzhengquhuadaima/330112,330100
3,临平区,330113,https://www.suchajun.com/richang/xingzhengquhuadaima/330113,330100
3,钱塘区,330114,https://www.suchajun.com/richang/xingzhengquhuadaima/330114,330100
3,桐庐县,330122,https://www.suchajun.com/richang/xingzhengquhuadaima/330122,330100
3,淳安县,330127,https://www.suchajun.com/richang/xingzhengquhuadaima/330127,330100
3,建德市,330182,https://www.suchajun.com/richang/xingzhengquhuadaima/330182,330100
2,宁波市,330200,https://www.suchajun.com/richang/xingzhengquhuadaima/330200,330000
3,海曙区,330203,https://www.suchajun.com/richang/xingzhengquhuadaima/330203,330200
3,江北区,330205,https://www.suchajun.com/richang/xingzhengquhuadaima/330205,330200
3,北仑区,330206,https://www.suchajun.com/richang/xingzhengquhuadaima/330206,330200
3,镇海区,330211,https://www.suchajun.com/richang/xingzhengquhuadaima/330211,330200
3,鄞州区,330212,https://www.suchajun.com/richang/xingzhengquhuadaima/330212,330200
3,奉化区,330213,https://www.suchajun.com/richang/xingzhengquhuadaima/330213,330200
3,象山县,330225,https://www.suchajun.com/richang/xingzhengquhuadaima/330225,330200
3,宁海县,330226,https://www.suchajun.com/richang/xingzhengquhuadaima/330226,330200
3,余姚市,330281,https://www.suchajun.com/richang/xingzhengquhuadaima/330281,330200
3,慈溪市,330282,https://www.suchajun.com/richang/xingzhengquhuadaima/330282,330200
2,温州市,330300,https://www.suchajun.com/richang/xingzhengquhuadaima/330300,330000
3,鹿城区,330302,https://www.suchajun.com/richang/xingzhengquhuadaima/330302,330300
3,龙湾区,330303,https://www.suchajun.com/richang/xingzhengquhuadaima/330303,330300
3,瓯海区,330304,https://www.suchajun.com/richang/xingzhengquhuadaima/330304,330300
3,洞头区,330305,https://www.suchajun.com/richang/xingzhengquhuadaima/330305,330300
3,永嘉县,330324,https://www.suchajun.com/richang/xingzhengquhuadaima/330324,330300
3,平阳县,330326,https://www.suchajun.com/richang/xingzhengquhuadaima/330326,330300
3,苍南县,330327,https://www.suchajun.com/richang/xingzhengquhuadaima/330327,330300
3,文成县,330328,https://www.suchajun.com/richang/xingzhengquhuadaima/330328,330300
3,泰顺县,330329,https://www.suchajun.com/richang/xingzhengquhuadaima/330329,330300
3,瑞安市,330381,https://www.suchajun.com/richang/xingzhengquhuadaima/330381,330300
3,乐清市,330382,https://www.suchajun.com/richang/xingzhengquhuadaima/330382,330300
3,龙港市,330383,https://www.suchajun.com/richang/xingzhengquhuadaima/330383,330300
2,嘉兴市,330400,https://www.suchajun.com/richang/xingzhengquhuadaima/330400,330000
3,南湖区,330402,https://www.suchajun.com/richang/xingzhengquhuadaima/330402,330400
3,秀洲区,330411,https://www.suchajun.com/richang/xingzhengquhuadaima/330411,330400
3,嘉善县,330421,https://www.suchajun.com/richang/xingzhengquhuadaima/330421,330400
3,海盐县,330424,https://www.suchajun.com/richang/xingzhengquhuadaima/330424,330400
3,海宁市,330481,https://www.suchajun.com/richang/xingzhengquhuadaima/330481,330400
3,平湖市,330482,https://www.suchajun.com/richang/xingzhengquhuadaima/330482,330400
3,桐乡市,330483,https://www.suchajun.com/richang/xingzhengquhuadaima/330483,330400
2,湖州市,330500,https://www.suchajun.com/richang/xingzhengquhuadaima/330500,330000
3,吴兴区,330502,https://www.suchajun.com/richang/xingzhengquhuadaima/330502,330500
3,南浔区,330503,https://www.suchajun.com/richang/xingzhengquhuadaima/330503,330500
3,德清县,330521,https://www.suchajun.com/richang/xingzhengquhuadaima/330521,330500
3,长兴县,330522,https://www.suchajun.com/richang/xingzhengquhuadaima/330522,330500
3,安吉县,330523,https://www.suchajun.com/richang/xingzhengquhuadaima/330523,330500
2,绍兴市,330600,https://www.suchajun.com/richang/xingzhengquhuadaima/330600,330000
3,越城区,330602,https://www.suchajun.com/richang/xingzhengquhuadaima/330602,330600
3,柯桥区,330603,https://www.suchajun.com/richang/xingzhengquhuadaima/330603,330600
3,上虞区,330604,https://www.suchajun.com/richang/xingzhengquhuadaima/330604,330600
3,新昌县,330624,https://www.suchajun.com/richang/xingzhengquhuadaima/330624,330600
3,诸暨市,330681,https://www.suchajun.com/richang/xingzhengquhuadaima/330681,330600
3,嵊州市,330683,https://www.suchajun.com/richang/xingzhengquhuadaima/330683,330600
2,金华市,330700,https://www.suchajun.com/richang/xingzhengquhuadaima/330700,330000
3,婺城区,330702,https://www.suchajun.com/richang/xingzhengquhuadaima/330702,330700
3,金东区,330703,https://www.suchajun.com/richang/xingzhengquhuadaima/330703,330700
3,武义县,330723,https://www.suchajun.com/richang/xingzhengquhuadaima/330723,330700
3,浦江县,330726,https://www.suchajun.com/richang/xingzhengquhuadaima/330726,330700
3,磐安县,330727,https://www.suchajun.com/richang/xingzhengquhuadaima/330727,330700
3,兰溪市,330781,https://www.suchajun.com/richang/xingzhengquhuadaima/330781,330700
3,义乌市,330782,https://www.suchajun.com/richang/xingzhengquhuadaima/330782,330700
3,东阳市,330783,https://www.suchajun.com/richang/xingzhengquhuadaima/330783,330700
3,永康市,330784,https://www.suchajun.com/richang/xingzhengquhuadaima/330784,330700
2,衢州市,330800,https://www.suchajun.com/richang/xingzhengquhuadaima/330800,330000
3,柯城区,330802,https://www.suchajun.com/richang/xingzhengquhuadaima/330802,330800
3,衢江区,330803,https://www.suchajun.com/richang/xingzhengquhuadaima/330803,330800
3,常山县,330822,https://www.suchajun.com/richang/xingzhengquhuadaima/330822,330800
3,开化县,330824,https://www.suchajun.com/richang/xingzhengquhuadaima/330824,330800
3,龙游县,330825,https://www.suchajun.com/richang/xingzhengquhuadaima/330825,330800
3,江山市,330881,https://www.suchajun.com/richang/xingzhengquhuadaima/330881,330800
2,舟山市,330900,https://www.suchajun.com/richang/xingzhengquhuadaima/330900,330000
3,定海区,330902,https://www.suchajun.com/richang/xingzhengquhuadaima/330902,330900
3,普陀区,330903,https://www.suchajun.com/richang/xingzhengquhuadaima/330903,330900
3,岱山县,330921,https://www.suchajun.com/richang/xingzhengquhuadaima/330921,330900
3,嵊泗县,330922,https://www.suchajun.com/richang/xingzhengquhuadaima/330922,330900
2,台州市,331000,https://www.suchajun.com/richang/xingzhengquhuadaima/331000,330000
3,椒江区,331002,https://www.suchajun.com/richang/xingzhengquhuadaima/331002,331000
3,黄岩区,331003,https://www.suchajun.com/richang/xingzhengquhuadaima/331003,331000
3,路桥区,331004,https://www.suchajun.com/richang/xingzhengquhuadaima/331004,331000
3,三门县,331022,https://www.suchajun.com/richang/xingzhengquhuadaima/331022,331000
3,天台县,331023,https://www.suchajun.com/richang/xingzhengquhuadaima/331023,331000
3,仙居县,331024,https://www.suchajun.com/richang/xingzhengquhuadaima/331024,331000
3,温岭市,331081,https://www.suchajun.com/richang/xingzhengquhuadaima/331081,331000
3,临海市,331082,https://www.suchajun.com/richang/xingzhengquhuadaima/331082,331000
3,玉环市,331083,https://www.suchajun.com/richang/xingzhengquhuadaima/331083,331000
2,丽水市,331100,https://www.suchajun.com/richang/xingzhengquhuadaima/331100,330000
3,莲都区,331102,https://www.suchajun.com/richang/xingzhengquhuadaima/331102,331100
3,青田县,331121,https://www.suchajun.com/richang/xingzhengquhuadaima/331121,331100
3,缙云县,331122,https://www.suchajun.com/richang/xingzhengquhuadaima/331122,331100
3,遂昌县,331123,https://www.suchajun.com/richang/xingzhengquhuadaima/331123,331100
3,松阳县,331124,https://www.suchajun.com/richang/xingzhengquhuadaima/331124,331100
3,云和县,331125,https://www.suchajun.com/richang/xingzhengquhuadaima/331125,331100
3,庆元县,331126,https://www.suchajun.com/richang/xingzhengquhuadaima/331126,331100
3,景宁畲族自治县,331127,https://www.suchajun.com/richang/xingzhengquhuadaima/331127,331100
3,龙泉市,331181,https://www.suchajun.com/richang/xingzhengquhuadaima/331181,331100
1,安徽省,340000,https://www.suchajun.com/richang/xingzhengquhuadaima/340000,
2,合肥市,340100,https://www.suchajun.com/richang/xingzhengquhuadaima/340100,340000
3,瑶海区,340102,https://www.suchajun.com/richang/xingzhengquhuadaima/340102,340100
3,庐阳区,340103,https://www.suchajun.com/richang/xingzhengquhuadaima/340103,340100
3,蜀山区,340104,https://www.suchajun.com/richang/xingzhengquhuadaima/340104,340100
3,包河区,340111,https://www.suchajun.com/richang/xingzhengquhuadaima/340111,340100
3,长丰县,340121,https://www.suchajun.com/richang/xingzhengquhuadaima/340121,340100
3,肥东县,340122,https://www.suchajun.com/richang/xingzhengquhuadaima/340122,340100
3,肥西县,340123,https://www.suchajun.com/richang/xingzhengquhuadaima/340123,340100
3,庐江县,340124,https://www.suchajun.com/richang/xingzhengquhuadaima/340124,340100
3,巢湖市,340181,https://www.suchajun.com/richang/xingzhengquhuadaima/340181,340100
2,芜湖市,340200,https://www.suchajun.com/richang/xingzhengquhuadaima/340200,340000
3,镜湖区,340202,https://www.suchajun.com/richang/xingzhengquhuadaima/340202,340200
3,鸠江区,340207,https://www.suchajun.com/richang/xingzhengquhuadaima/340207,340200
3,戈江区,340209,https://www.suchajun.com/richang/xingzhengquhuadaima/340209,340200
3,湾沚区,340210,https://www.suchajun.com/richang/xingzhengquhuadaima/340210,340200
3,繁昌区,340212,https://www.suchajun.com/richang/xingzhengquhuadaima/340212,340200
3,南陵县,340223,https://www.suchajun.com/richang/xingzhengquhuadaima/340223,340200
3,无为市,340281,https://www.suchajun.com/richang/xingzhengquhuadaima/340281,340200
2,蚌埠市,340300,https://www.suchajun.com/richang/xingzhengquhuadaima/340300,340000
3,龙子湖区,340302,https://www.suchajun.com/richang/xingzhengquhuadaima/340302,340300
3,蚌山区,340303,https://www.suchajun.com/richang/xingzhengquhuadaima/340303,340300
3,禹会区,340304,https://www.suchajun.com/richang/xingzhengquhuadaima/340304,340300
3,淮上区,340311,https://www.suchajun.com/richang/xingzhengquhuadaima/340311,340300
3,怀远县,340321,https://www.suchajun.com/richang/xingzhengquhuadaima/340321,340300
3,五河县,340322,https://www.suchajun.com/richang/xingzhengquhuadaima/340322,340300
3,固镇县,340323,https://www.suchajun.com/richang/xingzhengquhuadaima/340323,340300
2,淮南市,340400,https://www.suchajun.com/richang/xingzhengquhuadaima/340400,340000
3,大通区,340402,https://www.suchajun.com/richang/xingzhengquhuadaima/340402,340400
3,田家庵区,340403,https://www.suchajun.com/richang/xingzhengquhuadaima/340403,340400
3,谢家集区,340404,https://www.suchajun.com/richang/xingzhengquhuadaima/340404,340400
3,八公山区,340405,https://www.suchajun.com/richang/xingzhengquhuadaima/340405,340400
3,潘集区,340406,https://www.suchajun.com/richang/xingzhengquhuadaima/340406,340400
3,凤台县,340421,https://www.suchajun.com/richang/xingzhengquhuadaima/340421,340400
3,寿县,340422,https://www.suchajun.com/richang/xingzhengquhuadaima/340422,340400
2,马鞍山市,340500,https://www.suchajun.com/richang/xingzhengquhuadaima/340500,340000
3,花山区,340503,https://www.suchajun.com/richang/xingzhengquhuadaima/340503,340500
3,雨山区,340504,https://www.suchajun.com/richang/xingzhengquhuadaima/340504,340500
3,博望区,340506,https://www.suchajun.com/richang/xingzhengquhuadaima/340506,340500
3,当涂县,340521,https://www.suchajun.com/richang/xingzhengquhuadaima/340521,340500
3,含山县,340522,https://www.suchajun.com/richang/xingzhengquhuadaima/340522,340500
3,和县,340523,https://www.suchajun.com/richang/xingzhengquhuadaima/340523,340500
2,淮北市,340600,https://www.suchajun.com/richang/xingzhengquhuadaima/340600,340000
3,杜集区,340602,https://www.suchajun.com/richang/xingzhengquhuadaima/340602,340600
3,相山区,340603,https://www.suchajun.com/richang/xingzhengquhuadaima/340603,340600
3,烈山区,340604,https://www.suchajun.com/richang/xingzhengquhuadaima/340604,340600
3,濉溪县,340621,https://www.suchajun.com/richang/xingzhengquhuadaima/340621,340600
2,铜陵市,340700,https://www.suchajun.com/richang/xingzhengquhuadaima/340700,340000
3,铜官区,340705,https://www.suchajun.com/richang/xingzhengquhuadaima/340705,340700
3,义安区,340706,https://www.suchajun.com/richang/xingzhengquhuadaima/340706,340700
3,郊区,340711,https://www.suchajun.com/richang/xingzhengquhuadaima/340711,340700
3,枞阳县,340722,https://www.suchajun.com/richang/xingzhengquhuadaima/340722,340700
2,安庆市,340800,https://www.suchajun.com/richang/xingzhengquhuadaima/340800,340000
3,迎江区,340802,https://www.suchajun.com/richang/xingzhengquhuadaima/340802,340800
3,大观区,340803,https://www.suchajun.com/richang/xingzhengquhuadaima/340803,340800
3,宜秀区,340811,https://www.suchajun.com/richang/xingzhengquhuadaima/340811,340800
3,怀宁县,340822,https://www.suchajun.com/richang/xingzhengquhuadaima/340822,340800
3,太湖县,340825,https://www.suchajun.com/richang/xingzhengquhuadaima/340825,340800
3,宿松县,340826,https://www.suchajun.com/richang/xingzhengquhuadaima/340826,340800
3,望江县,340827,https://www.suchajun.com/richang/xingzhengquhuadaima/340827,340800
3,岳西县,340828,https://www.suchajun.com/richang/xingzhengquhuadaima/340828,340800
3,桐城市,340881,https://www.suchajun.com/richang/xingzhengquhuadaima/340881,340800
3,潜山市,340882,https://www.suchajun.com/richang/xingzhengquhuadaima/340882,340800
2,黄山市,341000,https://www.suchajun.com/richang/xingzhengquhuadaima/341000,340000
3,屯溪区,341002,https://www.suchajun.com/richang/xingzhengquhuadaima/341002,341000
3,黄山区,341003,https://www.suchajun.com/richang/xingzhengquhuadaima/341003,341000
3,徽州区,341004,https://www.suchajun.com/richang/xingzhengquhuadaima/341004,341000
3,歙县,341021,https://www.suchajun.com/richang/xingzhengquhuadaima/341021,341000
3,休宁县,341022,https://www.suchajun.com/richang/xingzhengquhuadaima/341022,341000
3,黟县,341023,https://www.suchajun.com/richang/xingzhengquhuadaima/341023,341000
3,祁门县,341024,https://www.suchajun.com/richang/xingzhengquhuadaima/341024,341000
2,滁州市,341100,https://www.suchajun.com/richang/xingzhengquhuadaima/341100,340000
3,琅琊区,341102,https://www.suchajun.com/richang/xingzhengquhuadaima/341102,341100
3,南谯区,341103,https://www.suchajun.com/richang/xingzhengquhuadaima/341103,341100
3,来安县,341122,https://www.suchajun.com/richang/xingzhengquhuadaima/341122,341100
3,全椒县,341124,https://www.suchajun.com/richang/xingzhengquhuadaima/341124,341100
3,定远县,341125,https://www.suchajun.com/richang/xingzhengquhuadaima/341125,341100
3,凤阳县,341126,https://www.suchajun.com/richang/xingzhengquhuadaima/341126,341100
3,天长市,341181,https://www.suchajun.com/richang/xingzhengquhuadaima/341181,341100
3,明光市,341182,https://www.suchajun.com/richang/xingzhengquhuadaima/341182,341100
2,阜阳市,341200,https://www.suchajun.com/richang/xingzhengquhuadaima/341200,340000
3,颍州区,341202,https://www.suchajun.com/richang/xingzhengquhuadaima/341202,341200
3,颍东区,341203,https://www.suchajun.com/richang/xingzhengquhuadaima/341203,341200
3,颍泉区,341204,https://www.suchajun.com/richang/xingzhengquhuadaima/341204,341200
3,临泉县,341221,https://www.suchajun.com/richang/xingzhengquhuadaima/341221,341200
3,太和县,341222,https://www.suchajun.com/richang/xingzhengquhuadaima/341222,341200
3,阜南县,341225,https://www.suchajun.com/richang/xingzhengquhuadaima/341225,341200
3,颍上县,341226,https://www.suchajun.com/richang/xingzhengquhuadaima/341226,341200
3,界首市,341282,https://www.suchajun.com/richang/xingzhengquhuadaima/341282,341200
2,宿州市,341300,https://www.suchajun.com/richang/xingzhengquhuadaima/341300,340000
3,埇桥区,341302,https://www.suchajun.com/richang/xingzhengquhuadaima/341302,341300
3,砀山县,341321,https://www.suchajun.com/richang/xingzhengquhuadaima/341321,341300
3,萧县,341322,https://www.suchajun.com/richang/xingzhengquhuadaima/341322,341300
3,灵璧县,341323,https://www.suchajun.com/richang/xingzhengquhuadaima/341323,341300
3,泗县,341324,https://www.suchajun.com/richang/xingzhengquhuadaima/341324,341300
2,六安市,341500,https://www.suchajun.com/richang/xingzhengquhuadaima/341500,340000
3,金安区,341502,https://www.suchajun.com/richang/xingzhengquhuadaima/341502,341500
3,裕安区,341503,https://www.suchajun.com/richang/xingzhengquhuadaima/341503,341500
3,叶集区,341504,https://www.suchajun.com/richang/xingzhengquhuadaima/341504,341500
3,霍邱县,341522,https://www.suchajun.com/richang/xingzhengquhuadaima/341522,341500
3,舒城县,341523,https://www.suchajun.com/richang/xingzhengquhuadaima/341523,341500
3,金寨县,341524,https://www.suchajun.com/richang/xingzhengquhuadaima/341524,341500
3,霍山县,341525,https://www.suchajun.com/richang/xingzhengquhuadaima/341525,341500
2,亳州市,341600,https://www.suchajun.com/richang/xingzhengquhuadaima/341600,340000
3,谯城区,341602,https://www.suchajun.com/richang/xingzhengquhuadaima/341602,341600
3,涡阳县,341621,https://www.suchajun.com/richang/xingzhengquhuadaima/341621,341600
3,蒙城县,341622,https://www.suchajun.com/richang/xingzhengquhuadaima/341622,341600
3,利辛县,341623,https://www.suchajun.com/richang/xingzhengquhuadaima/341623,341600
2,池州市,341700,https://www.suchajun.com/richang/xingzhengquhuadaima/341700,340000
3,贵池区,341702,https://www.suchajun.com/richang/xingzhengquhuadaima/341702,341700
3,东至县,341721,https://www.suchajun.com/richang/xingzhengquhuadaima/341721,341700
3,石台县,341722,https://www.suchajun.com/richang/xingzhengquhuadaima/341722,341700
3,青阳县,341723,https://www.suchajun.com/richang/xingzhengquhuadaima/341723,341700
2,宣城市,341800,https://www.suchajun.com/richang/xingzhengquhuadaima/341800,340000
3,宣州区,341802,https://www.suchajun.com/richang/xingzhengquhuadaima/341802,341800
3,郎溪县,341821,https://www.suchajun.com/richang/xingzhengquhuadaima/341821,341800
3,泾县,341823,https://www.suchajun.com/richang/xingzhengquhuadaima/341823,341800
3,绩溪县,341824,https://www.suchajun.com/richang/xingzhengquhuadaima/341824,341800
3,旌德县,341825,https://www.suchajun.com/richang/xingzhengquhuadaima/341825,341800
3,宁国市,341881,https://www.suchajun.com/richang/xingzhengquhuadaima/341881,341800
3,广德市,341882,https://www.suchajun.com/richang/xingzhengquhuadaima/341882,341800
1,福建省,350000,https://www.suchajun.com/richang/xingzhengquhuadaima/350000,
2,福州市,350100,https://www.suchajun.com/richang/xingzhengquhuadaima/350100,350000
3,鼓楼区,350102,https://www.suchajun.com/richang/xingzhengquhuadaima/350102,350100
3,台江区,350103,https://www.suchajun.com/richang/xingzhengquhuadaima/350103,350100
3,仓山区,350104,https://www.suchajun.com/richang/xingzhengquhuadaima/350104,350100
3,马尾区,350105,https://www.suchajun.com/richang/xingzhengquhuadaima/350105,350100
3,晋安区,350111,https://www.suchajun.com/richang/xingzhengquhuadaima/350111,350100
3,长乐区,350112,https://www.suchajun.com/richang/xingzhengquhuadaima/350112,350100
3,闽侯县,350121,https://www.suchajun.com/richang/xingzhengquhuadaima/350121,350100
3,连江县,350122,https://www.suchajun.com/richang/xingzhengquhuadaima/350122,350100
3,罗源县,350123,https://www.suchajun.com/richang/xingzhengquhuadaima/350123,350100
3,闽清县,350124,https://www.suchajun.com/richang/xingzhengquhuadaima/350124,350100
3,永泰县,350125,https://www.suchajun.com/richang/xingzhengquhuadaima/350125,350100
3,平潭县,350128,https://www.suchajun.com/richang/xingzhengquhuadaima/350128,350100
3,福清市,350181,https://www.suchajun.com/richang/xingzhengquhuadaima/350181,350100
2,厦门市,350200,https://www.suchajun.com/richang/xingzhengquhuadaima/350200,350000
3,思明区,350203,https://www.suchajun.com/richang/xingzhengquhuadaima/350203,350200
3,海沧区,350205,https://www.suchajun.com/richang/xingzhengquhuadaima/350205,350200
3,湖里区,350206,https://www.suchajun.com/richang/xingzhengquhuadaima/350206,350200
3,集美区,350211,https://www.suchajun.com/richang/xingzhengquhuadaima/350211,350200
3,同安区,350212,https://www.suchajun.com/richang/xingzhengquhuadaima/350212,350200
3,翔安区,350213,https://www.suchajun.com/richang/xingzhengquhuadaima/350213,350200
2,莆田市,350300,https://www.suchajun.com/richang/xingzhengquhuadaima/350300,350000
3,城厢区,350302,https://www.suchajun.com/richang/xingzhengquhuadaima/350302,350300
3,涵江区,350303,https://www.suchajun.com/richang/xingzhengquhuadaima/350303,350300
3,荔城区,350304,https://www.suchajun.com/richang/xingzhengquhuadaima/350304,350300
3,秀屿区,350305,https://www.suchajun.com/richang/xingzhengquhuadaima/350305,350300
3,仙游县,350322,https://www.suchajun.com/richang/xingzhengquhuadaima/350322,350300
2,三明市,350400,https://www.suchajun.com/richang/xingzhengquhuadaima/350400,350000
3,三元区,350404,https://www.suchajun.com/richang/xingzhengquhuadaima/350404,350400
3,沙县区,350405,https://www.suchajun.com/richang/xingzhengquhuadaima/350405,350400
3,明溪县,350421,https://www.suchajun.com/richang/xingzhengquhuadaima/350421,350400
3,清流县,350423,https://www.suchajun.com/richang/xingzhengquhuadaima/350423,350400
3,宁化县,350424,https://www.suchajun.com/richang/xingzhengquhuadaima/350424,350400
3,大田县,350425,https://www.suchajun.com/richang/xingzhengquhuadaima/350425,350400
3,尤溪县,350426,https://www.suchajun.com/richang/xingzhengquhuadaima/350426,350400
3,将乐县,350428,https://www.suchajun.com/richang/xingzhengquhuadaima/350428,350400
3,泰宁县,350429,https://www.suchajun.com/richang/xingzhengquhuadaima/350429,350400
3,建宁县,350430,https://www.suchajun.com/richang/xingzhengquhuadaima/350430,350400
3,永安市,350481,https://www.suchajun.com/richang/xingzhengquhuadaima/350481,350400
2,泉州市,350500,https://www.suchajun.com/richang/xingzhengquhuadaima/350500,350000
3,鲤城区,350502,https://www.suchajun.com/richang/xingzhengquhuadaima/350502,350500
3,丰泽区,350503,https://www.suchajun.com/richang/xingzhengquhuadaima/350503,350500
3,洛江区,350504,https://www.suchajun.com/richang/xingzhengquhuadaima/350504,350500
3,泉港区,350505,https://www.suchajun.com/richang/xingzhengquhuadaima/350505,350500
3,惠安县,350521,https://www.suchajun.com/richang/xingzhengquhuadaima/350521,350500
3,安溪县,350524,https://www.suchajun.com/richang/xingzhengquhuadaima/350524,350500
3,永春县,350525,https://www.suchajun.com/richang/xingzhengquhuadaima/350525,350500
3,德化县,350526,https://www.suchajun.com/richang/xingzhengquhuadaima/350526,350500
3,金门县,350527,https://www.suchajun.com/richang/xingzhengquhuadaima/350527,350500
3,石狮市,350581,https://www.suchajun.com/richang/xingzhengquhuadaima/350581,350500
3,晋江市,350582,https://www.suchajun.com/richang/xingzhengquhuadaima/350582,350500
3,南安市,350583,https://www.suchajun.com/richang/xingzhengquhuadaima/350583,350500
2,漳州市,350600,https://www.suchajun.com/richang/xingzhengquhuadaima/350600,350000
3,芗城区,350602,https://www.suchajun.com/richang/xingzhengquhuadaima/350602,350600
3,龙文区,350603,https://www.suchajun.com/richang/xingzhengquhuadaima/350603,350600
3,龙海区,350604,https://www.suchajun.com/richang/xingzhengquhuadaima/350604,350600
3,长泰区,350605,https://www.suchajun.com/richang/xingzhengquhuadaima/350605,350600
3,云霄县,350622,https://www.suchajun.com/richang/xingzhengquhuadaima/350622,350600
3,漳浦县,350623,https://www.suchajun.com/richang/xingzhengquhuadaima/350623,350600
3,诏安县,350624,https://www.suchajun.com/richang/xingzhengquhuadaima/350624,350600
3,东山县,350626,https://www.suchajun.com/richang/xingzhengquhuadaima/350626,350600
3,南靖县,350627,https://www.suchajun.com/richang/xingzhengquhuadaima/350627,350600
3,平和县,350628,https://www.suchajun.com/richang/xingzhengquhuadaima/350628,350600
3,华安县,350629,https://www.suchajun.com/richang/xingzhengquhuadaima/350629,350600
2,南平市,350700,https://www.suchajun.com/richang/xingzhengquhuadaima/350700,350000
3,延平区,350702,https://www.suchajun.com/richang/xingzhengquhuadaima/350702,350700
3,建阳区,350703,https://www.suchajun.com/richang/xingzhengquhuadaima/350703,350700
3,顺昌县,350721,https://www.suchajun.com/richang/xingzhengquhuadaima/350721,350700
3,蒲城县,350722,https://www.suchajun.com/richang/xingzhengquhuadaima/350722,350700
3,光泽县,350723,https://www.suchajun.com/richang/xingzhengquhuadaima/350723,350700
3,松溪县,350724,https://www.suchajun.com/richang/xingzhengquhuadaima/350724,350700
3,政和县,350725,https://www.suchajun.com/richang/xingzhengquhuadaima/350725,350700
3,邵武市,350781,https://www.suchajun.com/richang/xingzhengquhuadaima/350781,350700
3,武夷山市,350782,https://www.suchajun.com/richang/xingzhengquhuadaima/350782,350700
3,建瓯市,350783,https://www.suchajun.com/richang/xingzhengquhuadaima/350783,350700
2,龙岩市,350800,https://www.suchajun.com/richang/xingzhengquhuadaima/350800,350000
3,新罗区,350802,https://www.suchajun.com/richang/xingzhengquhuadaima/350802,350800
3,永定区,350803,https://www.suchajun.com/richang/xingzhengquhuadaima/350803,350800
3,长汀县,350821,https://www.suchajun.com/richang/xingzhengquhuadaima/350821,350800
3,上杭县,350823,https://www.suchajun.com/richang/xingzhengquhuadaima/350823,350800
3,武平县,350824,https://www.suchajun.com/richang/xingzhengquhuadaima/350824,350800
3,连城县,350825,https://www.suchajun.com/richang/xingzhengquhuadaima/350825,350800
3,漳平市,350881,https://www.suchajun.com/richang/xingzhengquhuadaima/350881,350800
2,宁德市,350900,https://www.suchajun.com/richang/xingzhengquhuadaima/350900,350000
3,蕉城区,350902,https://www.suchajun.com/richang/xingzhengquhuadaima/350902,350900
3,霞浦县,350921,https://www.suchajun.com/richang/xingzhengquhuadaima/350921,350900
3,古田县,350922,https://www.suchajun.com/richang/xingzhengquhuadaima/350922,350900
3,屏南县,350923,https://www.suchajun.com/richang/xingzhengquhuadaima/350923,350900
3,寿宁县,350924,https://www.suchajun.com/richang/xingzhengquhuadaima/350924,350900
3,周宁县,350925,https://www.suchajun.com/richang/xingzhengquhuadaima/350925,350900
3,柘荣县,350926,https://www.suchajun.com/richang/xingzhengquhuadaima/350926,350900
3,福安市,350981,https://www.suchajun.com/richang/xingzhengquhuadaima/350981,350900
3,福鼎市,350982,https://www.suchajun.com/richang/xingzhengquhuadaima/350982,350900
1,江西省,360000,https://www.suchajun.com/richang/xingzhengquhuadaima/360000,
2,南昌市,360100,https://www.suchajun.com/richang/xingzhengquhuadaima/360100,360000
3,东湖区,360102,https://www.suchajun.com/richang/xingzhengquhuadaima/360102,360100
3,西湖区,360103,https://www.suchajun.com/richang/xingzhengquhuadaima/360103,360100
3,青云谱区,360104,https://www.suchajun.com/richang/xingzhengquhuadaima/360104,360100
3,青山湖区,360111,https://www.suchajun.com/richang/xingzhengquhuadaima/360111,360100
3,新建区,360112,https://www.suchajun.com/richang/xingzhengquhuadaima/360112,360100
3,红谷滩区,360113,https://www.suchajun.com/richang/xingzhengquhuadaima/360113,360100
3,南昌县,360121,https://www.suchajun.com/richang/xingzhengquhuadaima/360121,360100
3,安义县,360123,https://www.suchajun.com/richang/xingzhengquhuadaima/360123,360100
3,进贤县,360124,https://www.suchajun.com/richang/xingzhengquhuadaima/360124,360100
2,景德镇市,360200,https://www.suchajun.com/richang/xingzhengquhuadaima/360200,360000
3,昌江区,360202,https://www.suchajun.com/richang/xingzhengquhuadaima/360202,360200
3,珠山区,360203,https://www.suchajun.com/richang/xingzhengquhuadaima/360203,360200
3,浮梁县,360222,https://www.suchajun.com/richang/xingzhengquhuadaima/360222,360200
3,乐平市,360281,https://www.suchajun.com/richang/xingzhengquhuadaima/360281,360200
2,萍乡市,360300,https://www.suchajun.com/richang/xingzhengquhuadaima/360300,360000
3,安源区,360302,https://www.suchajun.com/richang/xingzhengquhuadaima/360302,360300
3,湘东区,360313,https://www.suchajun.com/richang/xingzhengquhuadaima/360313,360300
3,莲花县,360321,https://www.suchajun.com/richang/xingzhengquhuadaima/360321,360300
3,上栗县,360322,https://www.suchajun.com/richang/xingzhengquhuadaima/360322,360300
3,芦溪县,360323,https://www.suchajun.com/richang/xingzhengquhuadaima/360323,360300
2,九江市,360400,https://www.suchajun.com/richang/xingzhengquhuadaima/360400,360000
3,濂溪区,360402,https://www.suchajun.com/richang/xingzhengquhuadaima/360402,360400
3,浔阳区,360403,https://www.suchajun.com/richang/xingzhengquhuadaima/360403,360400
3,柴桑区,360404,https://www.suchajun.com/richang/xingzhengquhuadaima/360404,360400
3,武宁县,360423,https://www.suchajun.com/richang/xingzhengquhuadaima/360423,360400
3,修水县,360424,https://www.suchajun.com/richang/xingzhengquhuadaima/360424,360400
3,永修县,360425,https://www.suchajun.com/richang/xingzhengquhuadaima/360425,360400
3,德安县,360426,https://www.suchajun.com/richang/xingzhengquhuadaima/360426,360400
3,都昌县,360428,https://www.suchajun.com/richang/xingzhengquhuadaima/360428,360400
3,湖口县,360429,https://www.suchajun.com/richang/xingzhengquhuadaima/360429,360400
3,彭泽县,360430,https://www.suchajun.com/richang/xingzhengquhuadaima/360430,360400
3,瑞昌市,360481,https://www.suchajun.com/richang/xingzhengquhuadaima/360481,360400
3,共青城市,360482,https://www.suchajun.com/richang/xingzhengquhuadaima/360482,360400
3,庐山市,360483,https://www.suchajun.com/richang/xingzhengquhuadaima/360483,360400
2,新余市,360500,https://www.suchajun.com/richang/xingzhengquhuadaima/360500,360000
3,渝水区,360502,https://www.suchajun.com/richang/xingzhengquhuadaima/360502,360500
3,分宜县,360521,https://www.suchajun.com/richang/xingzhengquhuadaima/360521,360500
2,鹰潭市,360600,https://www.suchajun.com/richang/xingzhengquhuadaima/360600,360000
3,月湖区,360602,https://www.suchajun.com/richang/xingzhengquhuadaima/360602,360600
3,余江区,360603,https://www.suchajun.com/richang/xingzhengquhuadaima/360603,360600
3,贵溪市,360681,https://www.suchajun.com/richang/xingzhengquhuadaima/360681,360600
2,赣州市,360700,https://www.suchajun.com/richang/xingzhengquhuadaima/360700,360000
3,章贡区,360702,https://www.suchajun.com/richang/xingzhengquhuadaima/360702,360700
3,南康区,360703,https://www.suchajun.com/richang/xingzhengquhuadaima/360703,360700
3,赣县区,360704,https://www.suchajun.com/richang/xingzhengquhuadaima/360704,360700
3,信丰县,360722,https://www.suchajun.com/richang/xingzhengquhuadaima/360722,360700
3,大余县,360723,https://www.suchajun.com/richang/xingzhengquhuadaima/360723,360700
3,上犹县,360724,https://www.suchajun.com/richang/xingzhengquhuadaima/360724,360700
3,崇义县,360725,https://www.suchajun.com/richang/xingzhengquhuadaima/360725,360700
3,安远县,360726,https://www.suchajun.com/richang/xingzhengquhuadaima/360726,360700
3,定南县,360728,https://www.suchajun.com/richang/xingzhengquhuadaima/360728,360700
3,全南县,360729,https://www.suchajun.com/richang/xingzhengquhuadaima/360729,360700
3,宁都县,360730,https://www.suchajun.com/richang/xingzhengquhuadaima/360730,360700
3,于都县,360731,https://www.suchajun.com/richang/xingzhengquhuadaima/360731,360700
3,兴国县,360732,https://www.suchajun.com/richang/xingzhengquhuadaima/360732,360700
3,会昌县,360733,https://www.suchajun.com/richang/xingzhengquhuadaima/360733,360700
3,寻乌县,360734,https://www.suchajun.com/richang/xingzhengquhuadaima/360734,360700
3,石城县,360735,https://www.suchajun.com/richang/xingzhengquhuadaima/360735,360700
3,瑞金市,360781,https://www.suchajun.com/richang/xingzhengquhuadaima/360781,360700
3,龙南市,360783,https://www.suchajun.com/richang/xingzhengquhuadaima/360783,360700
2,吉安市,360800,https://www.suchajun.com/richang/xingzhengquhuadaima/360800,360000
3,吉州区,360802,https://www.suchajun.com/richang/xingzhengquhuadaima/360802,360800
3,青原区,360803,https://www.suchajun.com/richang/xingzhengquhuadaima/360803,360800
3,吉安县,360821,https://www.suchajun.com/richang/xingzhengquhuadaima/360821,360800
3,吉水县,360822,https://www.suchajun.com/richang/xingzhengquhuadaima/360822,360800
3,峡江县,360823,https://www.suchajun.com/richang/xingzhengquhuadaima/360823,360800
3,新干县,360824,https://www.suchajun.com/richang/xingzhengquhuadaima/360824,360800
3,永丰县,360825,https://www.suchajun.com/richang/xingzhengquhuadaima/360825,360800
3,泰和县,360826,https://www.suchajun.com/richang/xingzhengquhuadaima/360826,360800
3,遂川县,360827,https://www.suchajun.com/richang/xingzhengquhuadaima/360827,360800
3,万安县,360828,https://www.suchajun.com/richang/xingzhengquhuadaima/360828,360800
3,安福县,360829,https://www.suchajun.com/richang/xingzhengquhuadaima/360829,360800
3,永新县,360830,https://www.suchajun.com/richang/xingzhengquhuadaima/360830,360800
3,井冈山市,360881,https://www.suchajun.com/richang/xingzhengquhuadaima/360881,360800
2,宜春市,360900,https://www.suchajun.com/richang/xingzhengquhuadaima/360900,360000
3,袁州区,360902,https://www.suchajun.com/richang/xingzhengquhuadaima/360902,360900
3,奉新县,360921,https://www.suchajun.com/richang/xingzhengquhuadaima/360921,360900
3,万载县,360922,https://www.suchajun.com/richang/xingzhengquhuadaima/360922,360900
3,上高县,360923,https://www.suchajun.com/richang/xingzhengquhuadaima/360923,360900
3,宜丰县,360924,https://www.suchajun.com/richang/xingzhengquhuadaima/360924,360900
3,靖安县,360925,https://www.suchajun.com/richang/xingzhengquhuadaima/360925,360900
3,铜鼓县,360926,https://www.suchajun.com/richang/xingzhengquhuadaima/360926,360900
3,丰城市,360981,https://www.suchajun.com/richang/xingzhengquhuadaima/360981,360900
3,樟树市,360982,https://www.suchajun.com/richang/xingzhengquhuadaima/360982,360900
3,高安市,360983,https://www.suchajun.com/richang/xingzhengquhuadaima/360983,360900
2,抚州市,361000,https://www.suchajun.com/richang/xingzhengquhuadaima/361000,360000
3,临川区,361002,https://www.suchajun.com/richang/xingzhengquhuadaima/361002,361000
3,东乡区,361003,https://www.suchajun.com/richang/xingzhengquhuadaima/361003,361000
3,南城县,361021,https://www.suchajun.com/richang/xingzhengquhuadaima/361021,361000
3,黎川县,361022,https://www.suchajun.com/richang/xingzhengquhuadaima/361022,361000
3,南丰县,361023,https://www.suchajun.com/richang/xingzhengquhuadaima/361023,361000
3,崇仁县,361024,https://www.suchajun.com/richang/xingzhengquhuadaima/361024,361000
3,乐安县,361025,https://www.suchajun.com/richang/xingzhengquhuadaima/361025,361000
3,宜黄县,361026,https://www.suchajun.com/richang/xingzhengquhuadaima/361026,361000
3,金溪县,361027,https://www.suchajun.com/richang/xingzhengquhuadaima/361027,361000
3,资溪县,361028,https://www.suchajun.com/richang/xingzhengquhuadaima/361028,361000
3,广昌县,361030,https://www.suchajun.com/richang/xingzhengquhuadaima/361030,361000
2,上饶市,361100,https://www.suchajun.com/richang/xingzhengquhuadaima/361100,360000
3,信州区,361102,https://www.suchajun.com/richang/xingzhengquhuadaima/361102,361100
3,广丰区,361103,https://www.suchajun.com/richang/xingzhengquhuadaima/361103,361100
3,广信区,361104,https://www.suchajun.com/richang/xingzhengquhuadaima/361104,361100
3,玉山县,361123,https://www.suchajun.com/richang/xingzhengquhuadaima/361123,361100
3,铅山县,361124,https://www.suchajun.com/richang/xingzhengquhuadaima/361124,361100
3,横峰县,361125,https://www.suchajun.com/richang/xingzhengquhuadaima/361125,361100
3,戈阳县,361126,https://www.suchajun.com/richang/xingzhengquhuadaima/361126,361100
3,余干县,361127,https://www.suchajun.com/richang/xingzhengquhuadaima/361127,361100
3,鄱阳县,361128,https://www.suchajun.com/richang/xingzhengquhuadaima/361128,361100
3,万年县,361129,https://www.suchajun.com/richang/xingzhengquhuadaima/361129,361100
3,婺源县,361130,https://www.suchajun.com/richang/xingzhengquhuadaima/361130,361100
3,德兴市,361181,https://www.suchajun.com/richang/xingzhengquhuadaima/361181,361100
1,山东省,370000,https://www.suchajun.com/richang/xingzhengquhuadaima/370000,
2,济南市,370100,https://www.suchajun.com/richang/xingzhengquhuadaima/370100,370000
3,历下区,370102,https://www.suchajun.com/richang/xingzhengquhuadaima/370102,370100
3,市中区,370103,https://www.suchajun.com/richang/xingzhengquhuadaima/370103,370100
3,槐荫区,370104,https://www.suchajun.com/richang/xingzhengquhuadaima/370104,370100
3,天桥区,370105,https://www.suchajun.com/richang/xingzhengquhuadaima/370105,370100
3,历城区,370112,https://www.suchajun.com/richang/xingzhengquhuadaima/370112,370100
3,长清区,370113,https://www.suchajun.com/richang/xingzhengquhuadaima/370113,370100
3,章丘区,370114,https://www.suchajun.com/richang/xingzhengquhuadaima/370114,370100
3,济阳区,370115,https://www.suchajun.com/richang/xingzhengquhuadaima/370115,370100
3,莱芜区,370116,https://www.suchajun.com/richang/xingzhengquhuadaima/370116,370100
3,钢城区,370117,https://www.suchajun.com/richang/xingzhengquhuadaima/370117,370100
3,平阴县,370124,https://www.suchajun.com/richang/xingzhengquhuadaima/370124,370100
3,商河县,370126,https://www.suchajun.com/richang/xingzhengquhuadaima/370126,370100
2,青岛市,370200,https://www.suchajun.com/richang/xingzhengquhuadaima/370200,370000
3,市南区,370202,https://www.suchajun.com/richang/xingzhengquhuadaima/370202,370200
3,市北区,370203,https://www.suchajun.com/richang/xingzhengquhuadaima/370203,370200
3,黄岛区,370211,https://www.suchajun.com/richang/xingzhengquhuadaima/370211,370200
3,崂山区,370212,https://www.suchajun.com/richang/xingzhengquhuadaima/370212,370200
3,李沧区,370213,https://www.suchajun.com/richang/xingzhengquhuadaima/370213,370200
3,城阳区,370214,https://www.suchajun.com/richang/xingzhengquhuadaima/370214,370200
3,即墨区,370215,https://www.suchajun.com/richang/xingzhengquhuadaima/370215,370200
3,胶州市,370281,https://www.suchajun.com/richang/xingzhengquhuadaima/370281,370200
3,平度市,370283,https://www.suchajun.com/richang/xingzhengquhuadaima/370283,370200
3,莱西市,370285,https://www.suchajun.com/richang/xingzhengquhuadaima/370285,370200
2,淄博市,370300,https://www.suchajun.com/richang/xingzhengquhuadaima/370300,370000
3,淄川区,370302,https://www.suchajun.com/richang/xingzhengquhuadaima/370302,370300
3,张店区,370303,https://www.suchajun.com/richang/xingzhengquhuadaima/370303,370300
3,博山区,370304,https://www.suchajun.com/richang/xingzhengquhuadaima/370304,370300
3,临淄区,370305,https://www.suchajun.com/richang/xingzhengquhuadaima/370305,370300
3,周村区,370306,https://www.suchajun.com/richang/xingzhengquhuadaima/370306,370300
3,桓台县,370321,https://www.suchajun.com/richang/xingzhengquhuadaima/370321,370300
3,高青县,370322,https://www.suchajun.com/richang/xingzhengquhuadaima/370322,370300
3,沂源县,370323,https://www.suchajun.com/richang/xingzhengquhuadaima/370323,370300
2,枣庄市,370400,https://www.suchajun.com/richang/xingzhengquhuadaima/370400,370000
3,市中区,370402,https://www.suchajun.com/richang/xingzhengquhuadaima/370402,370400
3,薛城区,370403,https://www.suchajun.com/richang/xingzhengquhuadaima/370403,370400
3,峄城区,370404,https://www.suchajun.com/richang/xingzhengquhuadaima/370404,370400
3,台儿庄区,370405,https://www.suchajun.com/richang/xingzhengquhuadaima/370405,370400
3,山亭区,370406,https://www.suchajun.com/richang/xingzhengquhuadaima/370406,370400
3,滕州市,370481,https://www.suchajun.com/richang/xingzhengquhuadaima/370481,370400
2,东营市,370500,https://www.suchajun.com/richang/xingzhengquhuadaima/370500,370000
3,东营区,370502,https://www.suchajun.com/richang/xingzhengquhuadaima/370502,370500
3,河口区,370503,https://www.suchajun.com/richang/xingzhengquhuadaima/370503,370500
3,垦利区,370505,https://www.suchajun.com/richang/xingzhengquhuadaima/370505,370500
3,利津县,370522,https://www.suchajun.com/richang/xingzhengquhuadaima/370522,370500
3,广饶县,370523,https://www.suchajun.com/richang/xingzhengquhuadaima/370523,370500
2,烟台市,370600,https://www.suchajun.com/richang/xingzhengquhuadaima/370600,370000
3,芝罘区,370602,https://www.suchajun.com/richang/xingzhengquhuadaima/370602,370600
3,福山区,370611,https://www.suchajun.com/richang/xingzhengquhuadaima/370611,370600
3,牟平区,370612,https://www.suchajun.com/richang/xingzhengquhuadaima/370612,370600
3,莱山区,370613,https://www.suchajun.com/richang/xingzhengquhuadaima/370613,370600
3,蓬莱区,370614,https://www.suchajun.com/richang/xingzhengquhuadaima/370614,370600
3,龙口市,370681,https://www.suchajun.com/richang/xingzhengquhuadaima/370681,370600
3,莱阳市,370682,https://www.suchajun.com/richang/xingzhengquhuadaima/370682,370600
3,莱州市,370683,https://www.suchajun.com/richang/xingzhengquhuadaima/370683,370600
3,招远市,370685,https://www.suchajun.com/richang/xingzhengquhuadaima/370685,370600
3,栖霞市,370686,https://www.suchajun.com/richang/xingzhengquhuadaima/370686,370600
3,海阳市,370687,https://www.suchajun.com/richang/xingzhengquhuadaima/370687,370600
2,潍坊市,370700,https://www.suchajun.com/richang/xingzhengquhuadaima/370700,370000
3,潍城区,370702,https://www.suchajun.com/richang/xingzhengquhuadaima/370702,370700
3,寒亭区,370703,https://www.suchajun.com/richang/xingzhengquhuadaima/370703,370700
3,坊子区,370704,https://www.suchajun.com/richang/xingzhengquhuadaima/370704,370700
3,奎文区,370705,https://www.suchajun.com/richang/xingzhengquhuadaima/370705,370700
3,临朐县,370724,https://www.suchajun.com/richang/xingzhengquhuadaima/370724,370700
3,昌乐县,370725,https://www.suchajun.com/richang/xingzhengquhuadaima/370725,370700
3,青州市,370781,https://www.suchajun.com/richang/xingzhengquhuadaima/370781,370700
3,诸城市,370782,https://www.suchajun.com/richang/xingzhengquhuadaima/370782,370700
3,寿光市,370783,https://www.suchajun.com/richang/xingzhengquhuadaima/370783,370700
3,安丘市,370784,https://www.suchajun.com/richang/xingzhengquhuadaima/370784,370700
3,高密市,370785,https://www.suchajun.com/richang/xingzhengquhuadaima/370785,370700
3,昌邑市,370786,https://www.suchajun.com/richang/xingzhengquhuadaima/370786,370700
2,济宁市,370800,https://www.suchajun.com/richang/xingzhengquhuadaima/370800,370000
3,任城区,370811,https://www.suchajun.com/richang/xingzhengquhuadaima/370811,370800
3,兖州区,370812,https://www.suchajun.com/richang/xingzhengquhuadaima/370812,370800
3,微山县,370826,https://www.suchajun.com/richang/xingzhengquhuadaima/370826,370800
3,鱼台县,370827,https://www.suchajun.com/richang/xingzhengquhuadaima/370827,370800
3,金乡县,370828,https://www.suchajun.com/richang/xingzhengquhuadaima/370828,370800
3,嘉祥县,370829,https://www.suchajun.com/richang/xingzhengquhuadaima/370829,370800
3,汶上县,370830,https://www.suchajun.com/richang/xingzhengquhuadaima/370830,370800
3,泗水县,370831,https://www.suchajun.com/richang/xingzhengquhuadaima/370831,370800
3,梁山县,370832,https://www.suchajun.com/richang/xingzhengquhuadaima/370832,370800
3,曲阜市,370881,https://www.suchajun.com/richang/xingzhengquhuadaima/370881,370800
3,邹城市,370883,https://www.suchajun.com/richang/xingzhengquhuadaima/370883,370800
2,泰安市,370900,https://www.suchajun.com/richang/xingzhengquhuadaima/370900,370000
3,泰山区,370902,https://www.suchajun.com/richang/xingzhengquhuadaima/370902,370900
3,岱岳区,370911,https://www.suchajun.com/richang/xingzhengquhuadaima/370911,370900
3,宁阳县,370921,https://www.suchajun.com/richang/xingzhengquhuadaima/370921,370900
3,东平县,370923,https://www.suchajun.com/richang/xingzhengquhuadaima/370923,370900
3,新泰市,370982,https://www.suchajun.com/richang/xingzhengquhuadaima/370982,370900
3,肥城市,370983,https://www.suchajun.com/richang/xingzhengquhuadaima/370983,370900
2,威海市,371000,https://www.suchajun.com/richang/xingzhengquhuadaima/371000,370000
3,环翠区,371002,https://www.suchajun.com/richang/xingzhengquhuadaima/371002,371000
3,文登区,371003,https://www.suchajun.com/richang/xingzhengquhuadaima/371003,371000
3,荣成市,371082,https://www.suchajun.com/richang/xingzhengquhuadaima/371082,371000
3,乳山市,371083,https://www.suchajun.com/richang/xingzhengquhuadaima/371083,371000
2,日照市,371100,https://www.suchajun.com/richang/xingzhengquhuadaima/371100,370000
3,东港区,371102,https://www.suchajun.com/richang/xingzhengquhuadaima/371102,371100
3,岚山区,371103,https://www.suchajun.com/richang/xingzhengquhuadaima/371103,371100
3,五莲县,371121,https://www.suchajun.com/richang/xingzhengquhuadaima/371121,371100
3,莒县,371122,https://www.suchajun.com/richang/xingzhengquhuadaima/371122,371100
2,临沂市,371300,https://www.suchajun.com/richang/xingzhengquhuadaima/371300,370000
3,兰山区,371302,https://www.suchajun.com/richang/xingzhengquhuadaima/371302,371300
3,罗庄区,371311,https://www.suchajun.com/richang/xingzhengquhuadaima/371311,371300
3,河东区,371312,https://www.suchajun.com/richang/xingzhengquhuadaima/371312,371300
3,沂南县,371321,https://www.suchajun.com/richang/xingzhengquhuadaima/371321,371300
3,郯城县,371322,https://www.suchajun.com/richang/xingzhengquhuadaima/371322,371300
3,沂水县,371323,https://www.suchajun.com/richang/xingzhengquhuadaima/371323,371300
3,兰陵县,371324,https://www.suchajun.com/richang/xingzhengquhuadaima/371324,371300
3,费县,371325,https://www.suchajun.com/richang/xingzhengquhuadaima/371325,371300
3,平邑县,371326,https://www.suchajun.com/richang/xingzhengquhuadaima/371326,371300
3,莒南县,371327,https://www.suchajun.com/richang/xingzhengquhuadaima/371327,371300
3,蒙阴县,371328,https://www.suchajun.com/richang/xingzhengquhuadaima/371328,371300
3,临沭县,371329,https://www.suchajun.com/richang/xingzhengquhuadaima/371329,371300
2,德州市,371400,https://www.suchajun.com/richang/xingzhengquhuadaima/371400,370000
3,德城区,371402,https://www.suchajun.com/richang/xingzhengquhuadaima/371402,371400
3,陵城区,371403,https://www.suchajun.com/richang/xingzhengquhuadaima/371403,371400
3,宁津县,371422,https://www.suchajun.com/richang/xingzhengquhuadaima/371422,371400
3,庆云县,371423,https://www.suchajun.com/richang/xingzhengquhuadaima/371423,371400
3,临邑县,371424,https://www.suchajun.com/richang/xingzhengquhuadaima/371424,371400
3,齐河县,371425,https://www.suchajun.com/richang/xingzhengquhuadaima/371425,371400
3,平原县,371426,https://www.suchajun.com/richang/xingzhengquhuadaima/371426,371400
3,夏津县,371427,https://www.suchajun.com/richang/xingzhengquhuadaima/371427,371400
3,武城县,371428,https://www.suchajun.com/richang/xingzhengquhuadaima/371428,371400
3,乐陵市,371481,https://www.suchajun.com/richang/xingzhengquhuadaima/371481,371400
3,禹城市,371482,https://www.suchajun.com/richang/xingzhengquhuadaima/371482,371400
2,聊城市,371500,https://www.suchajun.com/richang/xingzhengquhuadaima/371500,370000
3,东昌府区,371502,https://www.suchajun.com/richang/xingzhengquhuadaima/371502,371500
3,茌平区,371503,https://www.suchajun.com/richang/xingzhengquhuadaima/371503,371500
3,阳谷县,371521,https://www.suchajun.com/richang/xingzhengquhuadaima/371521,371500
3,莘县,371522,https://www.suchajun.com/richang/xingzhengquhuadaima/371522,371500
3,东阿县,371524,https://www.suchajun.com/richang/xingzhengquhuadaima/371524,371500
3,冠县,371525,https://www.suchajun.com/richang/xingzhengquhuadaima/371525,371500
3,高唐县,371526,https://www.suchajun.com/richang/xingzhengquhuadaima/371526,371500
3,临清市,371581,https://www.suchajun.com/richang/xingzhengquhuadaima/371581,371500
2,滨州市,371600,https://www.suchajun.com/richang/xingzhengquhuadaima/371600,370000
3,滨城区,371602,https://www.suchajun.com/richang/xingzhengquhuadaima/371602,371600
3,沾化区,371603,https://www.suchajun.com/richang/xingzhengquhuadaima/371603,371600
3,惠民县,371621,https://www.suchajun.com/richang/xingzhengquhuadaima/371621,371600
3,阳信县,371622,https://www.suchajun.com/richang/xingzhengquhuadaima/371622,371600
3,无棣县,371623,https://www.suchajun.com/richang/xingzhengquhuadaima/371623,371600
3,博兴县,371625,https://www.suchajun.com/richang/xingzhengquhuadaima/371625,371600
3,邹平市,371681,https://www.suchajun.com/richang/xingzhengquhuadaima/371681,371600
2,菏泽市,371700,https://www.suchajun.com/richang/xingzhengquhuadaima/371700,370000
3,牡丹区,371702,https://www.suchajun.com/richang/xingzhengquhuadaima/371702,371700
3,定陶区,371703,https://www.suchajun.com/richang/xingzhengquhuadaima/371703,371700
3,曹县,371721,https://www.suchajun.com/richang/xingzhengquhuadaima/371721,371700
3,单县,371722,https://www.suchajun.com/richang/xingzhengquhuadaima/371722,371700
3,成武县,371723,https://www.suchajun.com/richang/xingzhengquhuadaima/371723,371700
3,巨野县,371724,https://www.suchajun.com/richang/xingzhengquhuadaima/371724,371700
3,郓城县,371725,https://www.suchajun.com/richang/xingzhengquhuadaima/371725,371700
3,鄄城县,371726,https://www.suchajun.com/richang/xingzhengquhuadaima/371726,371700
3,东明县,371728,https://www.suchajun.com/richang/xingzhengquhuadaima/371728,371700
1,河南省,410000,https://www.suchajun.com/richang/xingzhengquhuadaima/410000,
2,郑州市,410100,https://www.suchajun.com/richang/xingzhengquhuadaima/410100,410000
3,中原区,410102,https://www.suchajun.com/richang/xingzhengquhuadaima/410102,410100
3,二七区,410103,https://www.suchajun.com/richang/xingzhengquhuadaima/410103,410100
3,管城回族区,410104,https://www.suchajun.com/richang/xingzhengquhuadaima/410104,410100
3,金水区,410105,https://www.suchajun.com/richang/xingzhengquhuadaima/410105,410100
3,上街区,410106,https://www.suchajun.com/richang/xingzhengquhuadaima/410106,410100
3,惠济区,410108,https://www.suchajun.com/richang/xingzhengquhuadaima/410108,410100
3,中牟县,410122,https://www.suchajun.com/richang/xingzhengquhuadaima/410122,410100
3,巩义市,410181,https://www.suchajun.com/richang/xingzhengquhuadaima/410181,410100
3,荥阳市,410182,https://www.suchajun.com/richang/xingzhengquhuadaima/410182,410100
3,新密市,410183,https://www.suchajun.com/richang/xingzhengquhuadaima/410183,410100
3,新郑市,410184,https://www.suchajun.com/richang/xingzhengquhuadaima/410184,410100
3,登封市,410185,https://www.suchajun.com/richang/xingzhengquhuadaima/410185,410100
2,开封市,410200,https://www.suchajun.com/richang/xingzhengquhuadaima/410200,410000
3,龙亭区,410202,https://www.suchajun.com/richang/xingzhengquhuadaima/410202,410200
3,顺河回族区,410203,https://www.suchajun.com/richang/xingzhengquhuadaima/410203,410200
3,鼓楼区,410204,https://www.suchajun.com/richang/xingzhengquhuadaima/410204,410200
3,禹王台区,410205,https://www.suchajun.com/richang/xingzhengquhuadaima/410205,410200
3,祥符区,410212,https://www.suchajun.com/richang/xingzhengquhuadaima/410212,410200
3,杞县,410221,https://www.suchajun.com/richang/xingzhengquhuadaima/410221,410200
3,通许县,410222,https://www.suchajun.com/richang/xingzhengquhuadaima/410222,410200
3,尉氏县,410223,https://www.suchajun.com/richang/xingzhengquhuadaima/410223,410200
3,兰考县,410225,https://www.suchajun.com/richang/xingzhengquhuadaima/410225,410200
2,洛阳市,410300,https://www.suchajun.com/richang/xingzhengquhuadaima/410300,410000
3,老城区,410302,https://www.suchajun.com/richang/xingzhengquhuadaima/410302,410300
3,西工区,410303,https://www.suchajun.com/richang/xingzhengquhuadaima/410303,410300
3,瀍河回族区,410304,https://www.suchajun.com/richang/xingzhengquhuadaima/410304,410300
3,涧西区,410305,https://www.suchajun.com/richang/xingzhengquhuadaima/410305,410300
3,偃师区,410307,https://www.suchajun.com/richang/xingzhengquhuadaima/410307,410300
3,孟津区,410308,https://www.suchajun.com/richang/xingzhengquhuadaima/410308,410300
3,洛龙区,410311,https://www.suchajun.com/richang/xingzhengquhuadaima/410311,410300
3,新安县,410323,https://www.suchajun.com/richang/xingzhengquhuadaima/410323,410300
3,栾川县,410324,https://www.suchajun.com/richang/xingzhengquhuadaima/410324,410300
3,嵩县,410325,https://www.suchajun.com/richang/xingzhengquhuadaima/410325,410300
3,汝阳县,410326,https://www.suchajun.com/richang/xingzhengquhuadaima/410326,410300
3,宜阳县,410327,https://www.suchajun.com/richang/xingzhengquhuadaima/410327,410300
3,洛宁县,410328,https://www.suchajun.com/richang/xingzhengquhuadaima/410328,410300
3,伊川县,410329,https://www.suchajun.com/richang/xingzhengquhuadaima/410329,410300
2,平顶山市,410400,https://www.suchajun.com/richang/xingzhengquhuadaima/410400,410000
3,新华区,410402,https://www.suchajun.com/richang/xingzhengquhuadaima/410402,410400
3,卫东区,410403,https://www.suchajun.com/richang/xingzhengquhuadaima/410403,410400
3,石龙区,410404,https://www.suchajun.com/richang/xingzhengquhuadaima/410404,410400
3,湛河区,410411,https://www.suchajun.com/richang/xingzhengquhuadaima/410411,410400
3,宝丰县,410421,https://www.suchajun.com/richang/xingzhengquhuadaima/410421,410400
3,叶县,410422,https://www.suchajun.com/richang/xingzhengquhuadaima/410422,410400
3,鲁山县,410423,https://www.suchajun.com/richang/xingzhengquhuadaima/410423,410400
3,郏县,410425,https://www.suchajun.com/richang/xingzhengquhuadaima/410425,410400
3,舞钢市,410481,https://www.suchajun.com/richang/xingzhengquhuadaima/410481,410400
3,汝州市,410482,https://www.suchajun.com/richang/xingzhengquhuadaima/410482,410400
2,安阳市,410500,https://www.suchajun.com/richang/xingzhengquhuadaima/410500,410000
3,文峰区,410502,https://www.suchajun.com/richang/xingzhengquhuadaima/410502,410500
3,北关区,410503,https://www.suchajun.com/richang/xingzhengquhuadaima/410503,410500
3,殷都区,410505,https://www.suchajun.com/richang/xingzhengquhuadaima/410505,410500
3,龙安区,410506,https://www.suchajun.com/richang/xingzhengquhuadaima/410506,410500
3,安阳县,410522,https://www.suchajun.com/richang/xingzhengquhuadaima/410522,410500
3,汤阴县,410523,https://www.suchajun.com/richang/xingzhengquhuadaima/410523,410500
3,滑县,410526,https://www.suchajun.com/richang/xingzhengquhuadaima/410526,410500
3,内黄县,410527,https://www.suchajun.com/richang/xingzhengquhuadaima/410527,410500
3,林州市,410581,https://www.suchajun.com/richang/xingzhengquhuadaima/410581,410500
2,鹤壁市,410600,https://www.suchajun.com/richang/xingzhengquhuadaima/410600,410000
3,鹤山区,410602,https://www.suchajun.com/richang/xingzhengquhuadaima/410602,410600
3,山城区,410603,https://www.suchajun.com/richang/xingzhengquhuadaima/410603,410600
3,淇滨区,410611,https://www.suchajun.com/richang/xingzhengquhuadaima/410611,410600
3,浚县,410621,https://www.suchajun.com/richang/xingzhengquhuadaima/410621,410600
3,淇县,410622,https://www.suchajun.com/richang/xingzhengquhuadaima/410622,410600
2,新乡市,410700,https://www.suchajun.com/richang/xingzhengquhuadaima/410700,410000
3,红旗区,410702,https://www.suchajun.com/richang/xingzhengquhuadaima/410702,410700
3,卫滨区,410703,https://www.suchajun.com/richang/xingzhengquhuadaima/410703,410700
3,凤泉区,410704,https://www.suchajun.com/richang/xingzhengquhuadaima/410704,410700
3,牧野区,410711,https://www.suchajun.com/richang/xingzhengquhuadaima/410711,410700
3,新乡县,410721,https://www.suchajun.com/richang/xingzhengquhuadaima/410721,410700
3,获嘉县,410724,https://www.suchajun.com/richang/xingzhengquhuadaima/410724,410700
3,原阳县,410725,https://www.suchajun.com/richang/xingzhengquhuadaima/410725,410700
3,延津县,410726,https://www.suchajun.com/richang/xingzhengquhuadaima/410726,410700
3,封丘县,410727,https://www.suchajun.com/richang/xingzhengquhuadaima/410727,410700
3,卫辉市,410781,https://www.suchajun.com/richang/xingzhengquhuadaima/410781,410700
3,辉县市,410782,https://www.suchajun.com/richang/xingzhengquhuadaima/410782,410700
3,长垣市,410783,https://www.suchajun.com/richang/xingzhengquhuadaima/410783,410700
2,焦作市,410800,https://www.suchajun.com/richang/xingzhengquhuadaima/410800,410000
3,解放区,410802,https://www.suchajun.com/richang/xingzhengquhuadaima/410802,410800
3,中站区,410803,https://www.suchajun.com/richang/xingzhengquhuadaima/410803,410800
3,马村区,410804,https://www.suchajun.com/richang/xingzhengquhuadaima/410804,410800
3,山阳区,410811,https://www.suchajun.com/richang/xingzhengquhuadaima/410811,410800
3,修武县,410821,https://www.suchajun.com/richang/xingzhengquhuadaima/410821,410800
3,博爱县,410822,https://www.suchajun.com/richang/xingzhengquhuadaima/410822,410800
3,武陟县,410823,https://www.suchajun.com/richang/xingzhengquhuadaima/410823,410800
3,温县,410825,https://www.suchajun.com/richang/xingzhengquhuadaima/410825,410800
3,沁阳市,410882,https://www.suchajun.com/richang/xingzhengquhuadaima/410882,410800
3,孟州市,410883,https://www.suchajun.com/richang/xingzhengquhuadaima/410883,410800
2,濮阳市,410900,https://www.suchajun.com/richang/xingzhengquhuadaima/410900,410000
3,华龙区,410902,https://www.suchajun.com/richang/xingzhengquhuadaima/410902,410900
3,清丰县,410922,https://www.suchajun.com/richang/xingzhengquhuadaima/410922,410900
3,南乐县,410923,https://www.suchajun.com/richang/xingzhengquhuadaima/410923,410900
3,范县,410926,https://www.suchajun.com/richang/xingzhengquhuadaima/410926,410900
3,台前县,410927,https://www.suchajun.com/richang/xingzhengquhuadaima/410927,410900
3,濮阳县,410928,https://www.suchajun.com/richang/xingzhengquhuadaima/410928,410900
2,许昌市,411000,https://www.suchajun.com/richang/xingzhengquhuadaima/411000,410000
3,魏都区,411002,https://www.suchajun.com/richang/xingzhengquhuadaima/411002,411000
3,建安区,411003,https://www.suchajun.com/richang/xingzhengquhuadaima/411003,411000
3,鄢陵县,411024,https://www.suchajun.com/richang/xingzhengquhuadaima/411024,411000
3,襄城县,411025,https://www.suchajun.com/richang/xingzhengquhuadaima/411025,411000
3,禹州市,411081,https://www.suchajun.com/richang/xingzhengquhuadaima/411081,411000
3,长葛市,411082,https://www.suchajun.com/richang/xingzhengquhuadaima/411082,411000
2,漯河市,411100,https://www.suchajun.com/richang/xingzhengquhuadaima/411100,410000
3,源汇区,411102,https://www.suchajun.com/richang/xingzhengquhuadaima/411102,411100
3,郾城区,411103,https://www.suchajun.com/richang/xingzhengquhuadaima/411103,411100
3,召陵区,411104,https://www.suchajun.com/richang/xingzhengquhuadaima/411104,411100
3,舞阳县,411121,https://www.suchajun.com/richang/xingzhengquhuadaima/411121,411100
3,临颍县,411122,https://www.suchajun.com/richang/xingzhengquhuadaima/411122,411100
2,三门峡市,411200,https://www.suchajun.com/richang/xingzhengquhuadaima/411200,410000
3,湖滨区,411202,https://www.suchajun.com/richang/xingzhengquhuadaima/411202,411200
3,陕州区,411203,https://www.suchajun.com/richang/xingzhengquhuadaima/411203,411200
3,渑池县,411221,https://www.suchajun.com/richang/xingzhengquhuadaima/411221,411200
3,卢氏县,411224,https://www.suchajun.com/richang/xingzhengquhuadaima/411224,411200
3,义马市,411281,https://www.suchajun.com/richang/xingzhengquhuadaima/411281,411200
3,灵宝市,411282,https://www.suchajun.com/richang/xingzhengquhuadaima/411282,411200
2,南阳市,411300,https://www.suchajun.com/richang/xingzhengquhuadaima/411300,410000
3,宛城区,411302,https://www.suchajun.com/richang/xingzhengquhuadaima/411302,411300
3,卧龙区,411303,https://www.suchajun.com/richang/xingzhengquhuadaima/411303,411300
3,南召县,411321,https://www.suchajun.com/richang/xingzhengquhuadaima/411321,411300
3,方城县,411322,https://www.suchajun.com/richang/xingzhengquhuadaima/411322,411300
3,西峡县,411323,https://www.suchajun.com/richang/xingzhengquhuadaima/411323,411300
3,镇平县,411324,https://www.suchajun.com/richang/xingzhengquhuadaima/411324,411300
3,内乡县,411325,https://www.suchajun.com/richang/xingzhengquhuadaima/411325,411300
3,淅川县,411326,https://www.suchajun.com/richang/xingzhengquhuadaima/411326,411300
3,社旗县,411327,https://www.suchajun.com/richang/xingzhengquhuadaima/411327,411300
3,唐河县,411328,https://www.suchajun.com/richang/xingzhengquhuadaima/411328,411300
3,新野县,411329,https://www.suchajun.com/richang/xingzhengquhuadaima/411329,411300
3,桐柏县,411330,https://www.suchajun.com/richang/xingzhengquhuadaima/411330,411300
3,邓州市,411381,https://www.suchajun.com/richang/xingzhengquhuadaima/411381,411300
2,商丘市,411400,https://www.suchajun.com/richang/xingzhengquhuadaima/411400,410000
3,梁园区,411402,https://www.suchajun.com/richang/xingzhengquhuadaima/411402,411400
3,睢阳区,411403,https://www.suchajun.com/richang/xingzhengquhuadaima/411403,411400
3,民权县,411421,https://www.suchajun.com/richang/xingzhengquhuadaima/411421,411400
3,睢县,411422,https://www.suchajun.com/richang/xingzhengquhuadaima/411422,411400
3,宁陵县,411423,https://www.suchajun.com/richang/xingzhengquhuadaima/411423,411400
3,柘城县,411424,https://www.suchajun.com/richang/xingzhengquhuadaima/411424,411400
3,虞城县,411425,https://www.suchajun.com/richang/xingzhengquhuadaima/411425,411400
3,夏邑县,411426,https://www.suchajun.com/richang/xingzhengquhuadaima/411426,411400
3,永城市,411481,https://www.suchajun.com/richang/xingzhengquhuadaima/411481,411400
2,信阳市,411500,https://www.suchajun.com/richang/xingzhengquhuadaima/411500,410000
3,浉河区,411502,https://www.suchajun.com/richang/xingzhengquhuadaima/411502,411500
3,平桥区,411503,https://www.suchajun.com/richang/xingzhengquhuadaima/411503,411500
3,罗山县,411521,https://www.suchajun.com/richang/xingzhengquhuadaima/411521,411500
3,光山县,411522,https://www.suchajun.com/richang/xingzhengquhuadaima/411522,411500
3,新县,411523,https://www.suchajun.com/richang/xingzhengquhuadaima/411523,411500
3,商城县,411524,https://www.suchajun.com/richang/xingzhengquhuadaima/411524,411500
3,固始县,411525,https://www.suchajun.com/richang/xingzhengquhuadaima/411525,411500
3,潢川县,411526,https://www.suchajun.com/richang/xingzhengquhuadaima/411526,411500
3,淮滨县,411527,https://www.suchajun.com/richang/xingzhengquhuadaima/411527,411500
3,息县,411528,https://www.suchajun.com/richang/xingzhengquhuadaima/411528,411500
2,周口市,411600,https://www.suchajun.com/richang/xingzhengquhuadaima/411600,410000
3,川汇区,411602,https://www.suchajun.com/richang/xingzhengquhuadaima/411602,411600
3,淮阳区,411603,https://www.suchajun.com/richang/xingzhengquhuadaima/411603,411600
3,扶沟县,411621,https://www.suchajun.com/richang/xingzhengquhuadaima/411621,411600
3,西华县,411622,https://www.suchajun.com/richang/xingzhengquhuadaima/411622,411600
3,商水县,411623,https://www.suchajun.com/richang/xingzhengquhuadaima/411623,411600
3,沈丘县,411624,https://www.suchajun.com/richang/xingzhengquhuadaima/411624,411600
3,郸城县,411625,https://www.suchajun.com/richang/xingzhengquhuadaima/411625,411600
3,太康县,411627,https://www.suchajun.com/richang/xingzhengquhuadaima/411627,411600
3,鹿邑县,411628,https://www.suchajun.com/richang/xingzhengquhuadaima/411628,411600
3,项城市,411681,https://www.suchajun.com/richang/xingzhengquhuadaima/411681,411600
2,驻马店市,411700,https://www.suchajun.com/richang/xingzhengquhuadaima/411700,410000
3,驿城区,411702,https://www.suchajun.com/richang/xingzhengquhuadaima/411702,411700
3,西平县,411721,https://www.suchajun.com/richang/xingzhengquhuadaima/411721,411700
3,上蔡县,411722,https://www.suchajun.com/richang/xingzhengquhuadaima/411722,411700
3,平舆县,411723,https://www.suchajun.com/richang/xingzhengquhuadaima/411723,411700
3,正阳县,411724,https://www.suchajun.com/richang/xingzhengquhuadaima/411724,411700
3,确山县,411725,https://www.suchajun.com/richang/xingzhengquhuadaima/411725,411700
3,泌阳县,411726,https://www.suchajun.com/richang/xingzhengquhuadaima/411726,411700
3,汝南县,411727,https://www.suchajun.com/richang/xingzhengquhuadaima/411727,411700
3,遂平县,411728,https://www.suchajun.com/richang/xingzhengquhuadaima/411728,411700
3,新蔡县,411729,https://www.suchajun.com/richang/xingzhengquhuadaima/411729,411700
2,省直辖县级行政单位,419000,https://www.suchajun.com/richang/xingzhengquhuadaima/419000,410000
3,济源市,419001,https://www.suchajun.com/richang/xingzhengquhuadaima/419001,419000
1,湖北省,420000,https://www.suchajun.com/richang/xingzhengquhuadaima/420000,
2,武汉市,420100,https://www.suchajun.com/richang/xingzhengquhuadaima/420100,420000
3,江岸区,420102,https://www.suchajun.com/richang/xingzhengquhuadaima/420102,420100
3,江汉区,420103,https://www.suchajun.com/richang/xingzhengquhuadaima/420103,420100
3,硚口区,420104,https://www.suchajun.com/richang/xingzhengquhuadaima/420104,420100
3,汉阳区,420105,https://www.suchajun.com/richang/xingzhengquhuadaima/420105,420100
3,武昌区,420106,https://www.suchajun.com/richang/xingzhengquhuadaima/420106,420100
3,青山区,420107,https://www.suchajun.com/richang/xingzhengquhuadaima/420107,420100
3,洪山区,420111,https://www.suchajun.com/richang/xingzhengquhuadaima/420111,420100
3,东西湖区,420112,https://www.suchajun.com/richang/xingzhengquhuadaima/420112,420100
3,汉南区,420113,https://www.suchajun.com/richang/xingzhengquhuadaima/420113,420100
3,蔡甸区,420114,https://www.suchajun.com/richang/xingzhengquhuadaima/420114,420100
3,江夏区,420115,https://www.suchajun.com/richang/xingzhengquhuadaima/420115,420100
3,黄陂区,420116,https://www.suchajun.com/richang/xingzhengquhuadaima/420116,420100
3,新洲区,420117,https://www.suchajun.com/richang/xingzhengquhuadaima/420117,420100
2,黄石市,420200,https://www.suchajun.com/richang/xingzhengquhuadaima/420200,420000
3,黄石港区,420202,https://www.suchajun.com/richang/xingzhengquhuadaima/420202,420200
3,西塞山区,420203,https://www.suchajun.com/richang/xingzhengquhuadaima/420203,420200
3,下陆区,420204,https://www.suchajun.com/richang/xingzhengquhuadaima/420204,420200
3,铁山区,420205,https://www.suchajun.com/richang/xingzhengquhuadaima/420205,420200
3,阳新县,420222,https://www.suchajun.com/richang/xingzhengquhuadaima/420222,420200
3,大冶市,420281,https://www.suchajun.com/richang/xingzhengquhuadaima/420281,420200
2,十堰市,420300,https://www.suchajun.com/richang/xingzhengquhuadaima/420300,420000
3,茅箭区,420302,https://www.suchajun.com/richang/xingzhengquhuadaima/420302,420300
3,张湾区,420303,https://www.suchajun.com/richang/xingzhengquhuadaima/420303,420300
3,郧阳区,420304,https://www.suchajun.com/richang/xingzhengquhuadaima/420304,420300
3,郧西县,420322,https://www.suchajun.com/richang/xingzhengquhuadaima/420322,420300
3,竹山县,420323,https://www.suchajun.com/richang/xingzhengquhuadaima/420323,420300
3,竹溪县,420324,https://www.suchajun.com/richang/xingzhengquhuadaima/420324,420300
3,房县,420325,https://www.suchajun.com/richang/xingzhengquhuadaima/420325,420300
3,丹江口市,420381,https://www.suchajun.com/richang/xingzhengquhuadaima/420381,420300
2,宜昌市,420500,https://www.suchajun.com/richang/xingzhengquhuadaima/420500,420000
3,西陵区,420502,https://www.suchajun.com/richang/xingzhengquhuadaima/420502,420500
3,伍家岗区,420503,https://www.suchajun.com/richang/xingzhengquhuadaima/420503,420500
3,点军区,420504,https://www.suchajun.com/richang/xingzhengquhuadaima/420504,420500
3,猇亭区,420505,https://www.suchajun.com/richang/xingzhengquhuadaima/420505,420500
3,夷陵区,420506,https://www.suchajun.com/richang/xingzhengquhuadaima/420506,420500
3,远安县,420525,https://www.suchajun.com/richang/xingzhengquhuadaima/420525,420500
3,兴山县,420526,https://www.suchajun.com/richang/xingzhengquhuadaima/420526,420500
3,秭归县,420527,https://www.suchajun.com/richang/xingzhengquhuadaima/420527,420500
3,长阳土家族自治县,420528,https://www.suchajun.com/richang/xingzhengquhuadaima/420528,420500
3,五峰土家族自治县,420529,https://www.suchajun.com/richang/xingzhengquhuadaima/420529,420500
3,宜都市,420581,https://www.suchajun.com/richang/xingzhengquhuadaima/420581,420500
3,当阳市,420582,https://www.suchajun.com/richang/xingzhengquhuadaima/420582,420500
3,枝江市,420583,https://www.suchajun.com/richang/xingzhengquhuadaima/420583,420500
2,襄阳市,420600,https://www.suchajun.com/richang/xingzhengquhuadaima/420600,420000
3,襄城区,420602,https://www.suchajun.com/richang/xingzhengquhuadaima/420602,420600
3,樊城区,420606,https://www.suchajun.com/richang/xingzhengquhuadaima/420606,420600
3,襄州区,420607,https://www.suchajun.com/richang/xingzhengquhuadaima/420607,420600
3,南漳县,420624,https://www.suchajun.com/richang/xingzhengquhuadaima/420624,420600
3,谷城县,420625,https://www.suchajun.com/richang/xingzhengquhuadaima/420625,420600
3,保康县,420626,https://www.suchajun.com/richang/xingzhengquhuadaima/420626,420600
3,老河口市,420682,https://www.suchajun.com/richang/xingzhengquhuadaima/420682,420600
3,枣阳市,420683,https://www.suchajun.com/richang/xingzhengquhuadaima/420683,420600
3,宜城市,420684,https://www.suchajun.com/richang/xingzhengquhuadaima/420684,420600
2,鄂州市,420700,https://www.suchajun.com/richang/xingzhengquhuadaima/420700,420000
3,梁子湖区,420702,https://www.suchajun.com/richang/xingzhengquhuadaima/420702,420700
3,华容区,420703,https://www.suchajun.com/richang/xingzhengquhuadaima/420703,420700
3,鄂城区,420704,https://www.suchajun.com/richang/xingzhengquhuadaima/420704,420700
2,荆门市,420800,https://www.suchajun.com/richang/xingzhengquhuadaima/420800,420000
3,东宝区,420802,https://www.suchajun.com/richang/xingzhengquhuadaima/420802,420800
3,掇刀区,420804,https://www.suchajun.com/richang/xingzhengquhuadaima/420804,420800
3,沙洋县,420822,https://www.suchajun.com/richang/xingzhengquhuadaima/420822,420800
3,钟祥市,420881,https://www.suchajun.com/richang/xingzhengquhuadaima/420881,420800
3,京山市,420882,https://www.suchajun.com/richang/xingzhengquhuadaima/420882,420800
2,孝感市,420900,https://www.suchajun.com/richang/xingzhengquhuadaima/420900,420000
3,孝南区,420902,https://www.suchajun.com/richang/xingzhengquhuadaima/420902,420900
3,孝昌县,420921,https://www.suchajun.com/richang/xingzhengquhuadaima/420921,420900
3,大悟县,420922,https://www.suchajun.com/richang/xingzhengquhuadaima/420922,420900
3,云梦县,420923,https://www.suchajun.com/richang/xingzhengquhuadaima/420923,420900
3,应城市,420981,https://www.suchajun.com/richang/xingzhengquhuadaima/420981,420900
3,安陆市,420982,https://www.suchajun.com/richang/xingzhengquhuadaima/420982,420900
3,汉川市,420984,https://www.suchajun.com/richang/xingzhengquhuadaima/420984,420900
2,荆州市,421000,https://www.suchajun.com/richang/xingzhengquhuadaima/421000,420000
3,沙市区,421002,https://www.suchajun.com/richang/xingzhengquhuadaima/421002,421000
3,荆州区,421003,https://www.suchajun.com/richang/xingzhengquhuadaima/421003,421000
3,公安县,421022,https://www.suchajun.com/richang/xingzhengquhuadaima/421022,421000
3,江陵县,421024,https://www.suchajun.com/richang/xingzhengquhuadaima/421024,421000
3,石首市,421081,https://www.suchajun.com/richang/xingzhengquhuadaima/421081,421000
3,洪湖市,421083,https://www.suchajun.com/richang/xingzhengquhuadaima/421083,421000
3,松滋市,421087,https://www.suchajun.com/richang/xingzhengquhuadaima/421087,421000
3,监利市,421088,https://www.suchajun.com/richang/xingzhengquhuadaima/421088,421000
2,黄冈市,421100,https://www.suchajun.com/richang/xingzhengquhuadaima/421100,420000
3,黄州区,421102,https://www.suchajun.com/richang/xingzhengquhuadaima/421102,421100
3,团风县,421121,https://www.suchajun.com/richang/xingzhengquhuadaima/421121,421100
3,红安县,421122,https://www.suchajun.com/richang/xingzhengquhuadaima/421122,421100
3,罗田县,421123,https://www.suchajun.com/richang/xingzhengquhuadaima/421123,421100
3,英山县,421124,https://www.suchajun.com/richang/xingzhengquhuadaima/421124,421100
3,浠水县,421125,https://www.suchajun.com/richang/xingzhengquhuadaima/421125,421100
3,蕲春县,421126,https://www.suchajun.com/richang/xingzhengquhuadaima/421126,421100
3,黄梅县,421127,https://www.suchajun.com/richang/xingzhengquhuadaima/421127,421100
3,麻城市,421181,https://www.suchajun.com/richang/xingzhengquhuadaima/421181,421100
3,武穴市,421182,https://www.suchajun.com/richang/xingzhengquhuadaima/421182,421100
2,咸宁市,421200,https://www.suchajun.com/richang/xingzhengquhuadaima/421200,420000
3,咸安区,421202,https://www.suchajun.com/richang/xingzhengquhuadaima/421202,421200
3,嘉鱼县,421221,https://www.suchajun.com/richang/xingzhengquhuadaima/421221,421200
3,通城县,421222,https://www.suchajun.com/richang/xingzhengquhuadaima/421222,421200
3,崇阳县,421223,https://www.suchajun.com/richang/xingzhengquhuadaima/421223,421200
3,通山县,421224,https://www.suchajun.com/richang/xingzhengquhuadaima/421224,421200
3,赤壁市,421281,https://www.suchajun.com/richang/xingzhengquhuadaima/421281,421200
2,随州市,421300,https://www.suchajun.com/richang/xingzhengquhuadaima/421300,420000
3,曾都区,421303,https://www.suchajun.com/richang/xingzhengquhuadaima/421303,421300
3,随县,421321,https://www.suchajun.com/richang/xingzhengquhuadaima/421321,421300
3,广水市,421381,https://www.suchajun.com/richang/xingzhengquhuadaima/421381,421300
2,恩施土家族苗族自治州,422800,https://www.suchajun.com/richang/xingzhengquhuadaima/422800,420000
3,恩施市,422801,https://www.suchajun.com/richang/xingzhengquhuadaima/422801,422800
3,利川市,422802,https://www.suchajun.com/richang/xingzhengquhuadaima/422802,422800
3,建始县,422822,https://www.suchajun.com/richang/xingzhengquhuadaima/422822,422800
3,巴东县,422823,https://www.suchajun.com/richang/xingzhengquhuadaima/422823,422800
3,宣恩县,422825,https://www.suchajun.com/richang/xingzhengquhuadaima/422825,422800
3,咸丰县,422826,https://www.suchajun.com/richang/xingzhengquhuadaima/422826,422800
3,来凤县,422827,https://www.suchajun.com/richang/xingzhengquhuadaima/422827,422800
3,鹤峰县,422828,https://www.suchajun.com/richang/xingzhengquhuadaima/422828,422800
2,省直辖县级行政单位,429000,https://www.suchajun.com/richang/xingzhengquhuadaima/429000,420000
3,仙桃市,429004,https://www.suchajun.com/richang/xingzhengquhuadaima/429004,429000
3,潜江市,429005,https://www.suchajun.com/richang/xingzhengquhuadaima/429005,429000
3,天门市,429006,https://www.suchajun.com/richang/xingzhengquhuadaima/429006,429000
3,神农架林区,429021,https://www.suchajun.com/richang/xingzhengquhuadaima/429021,429000
1,湖南省,430000,https://www.suchajun.com/richang/xingzhengquhuadaima/430000,
2,长沙市,430100,https://www.suchajun.com/richang/xingzhengquhuadaima/430100,430000
3,芙蓉区,430102,https://www.suchajun.com/richang/xingzhengquhuadaima/430102,430100
3,天心区,430103,https://www.suchajun.com/richang/xingzhengquhuadaima/430103,430100
3,岳麓区,430104,https://www.suchajun.com/richang/xingzhengquhuadaima/430104,430100
3,开福区,430105,https://www.suchajun.com/richang/xingzhengquhuadaima/430105,430100
3,雨花区,430111,https://www.suchajun.com/richang/xingzhengquhuadaima/430111,430100
3,望城区,430112,https://www.suchajun.com/richang/xingzhengquhuadaima/430112,430100
3,长沙县,430121,https://www.suchajun.com/richang/xingzhengquhuadaima/430121,430100
3,浏阳市,430181,https://www.suchajun.com/richang/xingzhengquhuadaima/430181,430100
3,宁乡市,430182,https://www.suchajun.com/richang/xingzhengquhuadaima/430182,430100
2,株洲市,430200,https://www.suchajun.com/richang/xingzhengquhuadaima/430200,430000
3,荷塘区,430202,https://www.suchajun.com/richang/xingzhengquhuadaima/430202,430200
3,芦淞区,430203,https://www.suchajun.com/richang/xingzhengquhuadaima/430203,430200
3,石峰区,430204,https://www.suchajun.com/richang/xingzhengquhuadaima/430204,430200
3,天元区,430211,https://www.suchajun.com/richang/xingzhengquhuadaima/430211,430200
3,渌口区,430212,https://www.suchajun.com/richang/xingzhengquhuadaima/430212,430200
3,攸县,430223,https://www.suchajun.com/richang/xingzhengquhuadaima/430223,430200
3,茶陵县,430224,https://www.suchajun.com/richang/xingzhengquhuadaima/430224,430200
3,炎陵县,430225,https://www.suchajun.com/richang/xingzhengquhuadaima/430225,430200
3,醴陵市,430281,https://www.suchajun.com/richang/xingzhengquhuadaima/430281,430200
2,湘潭市,430300,https://www.suchajun.com/richang/xingzhengquhuadaima/430300,430000
3,雨湖区,430302,https://www.suchajun.com/richang/xingzhengquhuadaima/430302,430300
3,岳塘区,430304,https://www.suchajun.com/richang/xingzhengquhuadaima/430304,430300
3,湘潭县,430321,https://www.suchajun.com/richang/xingzhengquhuadaima/430321,430300
3,湘乡市,430381,https://www.suchajun.com/richang/xingzhengquhuadaima/430381,430300
3,韶山市,430382,https://www.suchajun.com/richang/xingzhengquhuadaima/430382,430300
2,衡阳市,430400,https://www.suchajun.com/richang/xingzhengquhuadaima/430400,430000
3,珠晖区,430405,https://www.suchajun.com/richang/xingzhengquhuadaima/430405,430400
3,雁峰区,430406,https://www.suchajun.com/richang/xingzhengquhuadaima/430406,430400
3,石鼓区,430407,https://www.suchajun.com/richang/xingzhengquhuadaima/430407,430400
3,蒸湘区,430408,https://www.suchajun.com/richang/xingzhengquhuadaima/430408,430400
3,南岳区,430412,https://www.suchajun.com/richang/xingzhengquhuadaima/430412,430400
3,衡阳县,430421,https://www.suchajun.com/richang/xingzhengquhuadaima/430421,430400
3,衡南县,430422,https://www.suchajun.com/richang/xingzhengquhuadaima/430422,430400
3,横山县,430423,https://www.suchajun.com/richang/xingzhengquhuadaima/430423,430400
3,衡东县,430424,https://www.suchajun.com/richang/xingzhengquhuadaima/430424,430400
3,祁东县,430426,https://www.suchajun.com/richang/xingzhengquhuadaima/430426,430400
3,耒阳市,430481,https://www.suchajun.com/richang/xingzhengquhuadaima/430481,430400
3,常宁市,430482,https://www.suchajun.com/richang/xingzhengquhuadaima/430482,430400
2,邵阳市,430500,https://www.suchajun.com/richang/xingzhengquhuadaima/430500,430000
3,双清区,430502,https://www.suchajun.com/richang/xingzhengquhuadaima/430502,430500
3,大祥区,430503,https://www.suchajun.com/richang/xingzhengquhuadaima/430503,430500
3,北塔区,430511,https://www.suchajun.com/richang/xingzhengquhuadaima/430511,430500
3,新邵县,430522,https://www.suchajun.com/richang/xingzhengquhuadaima/430522,430500
3,邵阳县,430523,https://www.suchajun.com/richang/xingzhengquhuadaima/430523,430500
3,隆回县,430524,https://www.suchajun.com/richang/xingzhengquhuadaima/430524,430500
3,洞口县,430525,https://www.suchajun.com/richang/xingzhengquhuadaima/430525,430500
3,绥宁县,430527,https://www.suchajun.com/richang/xingzhengquhuadaima/430527,430500
3,新宁县,430528,https://www.suchajun.com/richang/xingzhengquhuadaima/430528,430500
3,城步苗族自治县,430529,https://www.suchajun.com/richang/xingzhengquhuadaima/430529,430500
3,武冈市,430581,https://www.suchajun.com/richang/xingzhengquhuadaima/430581,430500
3,邵东市,430582,https://www.suchajun.com/richang/xingzhengquhuadaima/430582,430500
2,岳阳市,430600,https://www.suchajun.com/richang/xingzhengquhuadaima/430600,430000
3,岳阳楼区,430602,https://www.suchajun.com/richang/xingzhengquhuadaima/430602,430600
3,云溪区,430603,https://www.suchajun.com/richang/xingzhengquhuadaima/430603,430600
3,君山区,430611,https://www.suchajun.com/richang/xingzhengquhuadaima/430611,430600
3,岳阳县,430621,https://www.suchajun.com/richang/xingzhengquhuadaima/430621,430600
3,华容县,430623,https://www.suchajun.com/richang/xingzhengquhuadaima/430623,430600
3,湘阴县,430624,https://www.suchajun.com/richang/xingzhengquhuadaima/430624,430600
3,平江县,430626,https://www.suchajun.com/richang/xingzhengquhuadaima/430626,430600
3,汨罗市,430681,https://www.suchajun.com/richang/xingzhengquhuadaima/430681,430600
3,临湘市,430682,https://www.suchajun.com/richang/xingzhengquhuadaima/430682,430600
2,常德市,430700,https://www.suchajun.com/richang/xingzhengquhuadaima/430700,430000
3,武陵区,430702,https://www.suchajun.com/richang/xingzhengquhuadaima/430702,430700
3,鼎城区,430703,https://www.suchajun.com/richang/xingzhengquhuadaima/430703,430700
3,安乡县,430721,https://www.suchajun.com/richang/xingzhengquhuadaima/430721,430700
3,汉寿县,430722,https://www.suchajun.com/richang/xingzhengquhuadaima/430722,430700
3,澧县,430723,https://www.suchajun.com/richang/xingzhengquhuadaima/430723,430700
3,临澧县,430724,https://www.suchajun.com/richang/xingzhengquhuadaima/430724,430700
3,桃源县,430725,https://www.suchajun.com/richang/xingzhengquhuadaima/430725,430700
3,石门县,430726,https://www.suchajun.com/richang/xingzhengquhuadaima/430726,430700
3,津市市,430781,https://www.suchajun.com/richang/xingzhengquhuadaima/430781,430700
2,张家界市,430800,https://www.suchajun.com/richang/xingzhengquhuadaima/430800,430000
3,永定区,430802,https://www.suchajun.com/richang/xingzhengquhuadaima/430802,430800
3,武陵源区,430811,https://www.suchajun.com/richang/xingzhengquhuadaima/430811,430800
3,慈利县,430821,https://www.suchajun.com/richang/xingzhengquhuadaima/430821,430800
3,桑植县,430822,https://www.suchajun.com/richang/xingzhengquhuadaima/430822,430800
2,益阳市,430900,https://www.suchajun.com/richang/xingzhengquhuadaima/430900,430000
3,资阳区,430902,https://www.suchajun.com/richang/xingzhengquhuadaima/430902,430900
3,赫山区,430903,https://www.suchajun.com/richang/xingzhengquhuadaima/430903,430900
3,南县,430921,https://www.suchajun.com/richang/xingzhengquhuadaima/430921,430900
3,桃江县,430922,https://www.suchajun.com/richang/xingzhengquhuadaima/430922,430900
3,安化县,430923,https://www.suchajun.com/richang/xingzhengquhuadaima/430923,430900
3,沅江市,430981,https://www.suchajun.com/richang/xingzhengquhuadaima/430981,430900
2,郴州市,431000,https://www.suchajun.com/richang/xingzhengquhuadaima/431000,430000
3,北湖区,431002,https://www.suchajun.com/richang/xingzhengquhuadaima/431002,431000
3,苏仙区,431003,https://www.suchajun.com/richang/xingzhengquhuadaima/431003,431000
3,桂阳县,431021,https://www.suchajun.com/richang/xingzhengquhuadaima/431021,431000
3,宜章县,431022,https://www.suchajun.com/richang/xingzhengquhuadaima/431022,431000
3,永兴县,431023,https://www.suchajun.com/richang/xingzhengquhuadaima/431023,431000
3,嘉禾县,431024,https://www.suchajun.com/richang/xingzhengquhuadaima/431024,431000
3,临武县,431025,https://www.suchajun.com/richang/xingzhengquhuadaima/431025,431000
3,汝城县,431026,https://www.suchajun.com/richang/xingzhengquhuadaima/431026,431000
3,桂东县,431027,https://www.suchajun.com/richang/xingzhengquhuadaima/431027,431000
3,安仁县,431028,https://www.suchajun.com/richang/xingzhengquhuadaima/431028,431000
3,资兴市,431081,https://www.suchajun.com/richang/xingzhengquhuadaima/431081,431000
2,永州市,431100,https://www.suchajun.com/richang/xingzhengquhuadaima/431100,430000
3,零陵区,431102,https://www.suchajun.com/richang/xingzhengquhuadaima/431102,431100
3,冷水滩区,431103,https://www.suchajun.com/richang/xingzhengquhuadaima/431103,431100
3,东安县,431122,https://www.suchajun.com/richang/xingzhengquhuadaima/431122,431100
3,双牌县,431123,https://www.suchajun.com/richang/xingzhengquhuadaima/431123,431100
3,道县,431124,https://www.suchajun.com/richang/xingzhengquhuadaima/431124,431100
3,江永县,431125,https://www.suchajun.com/richang/xingzhengquhuadaima/431125,431100
3,宁远县,431126,https://www.suchajun.com/richang/xingzhengquhuadaima/431126,431100
3,蓝山县,431127,https://www.suchajun.com/richang/xingzhengquhuadaima/431127,431100
3,新田县,431128,https://www.suchajun.com/richang/xingzhengquhuadaima/431128,431100
3,江华瑶族自治县,431129,https://www.suchajun.com/richang/xingzhengquhuadaima/431129,431100
3,祁阳市,431181,https://www.suchajun.com/richang/xingzhengquhuadaima/431181,431100
2,怀化市,431200,https://www.suchajun.com/richang/xingzhengquhuadaima/431200,430000
3,鹤城区,431202,https://www.suchajun.com/richang/xingzhengquhuadaima/431202,431200
3,中方县,431221,https://www.suchajun.com/richang/xingzhengquhuadaima/431221,431200
3,沅陵县,431222,https://www.suchajun.com/richang/xingzhengquhuadaima/431222,431200
3,辰溪县,431223,https://www.suchajun.com/richang/xingzhengquhuadaima/431223,431200
3,溆浦县,431224,https://www.suchajun.com/richang/xingzhengquhuadaima/431224,431200
3,会同县,431225,https://www.suchajun.com/richang/xingzhengquhuadaima/431225,431200
3,麻阳苗族自治县,431226,https://www.suchajun.com/richang/xingzhengquhuadaima/431226,431200
3,新晃侗族自治县,431227,https://www.suchajun.com/richang/xingzhengquhuadaima/431227,431200
3,芷江侗族自治县,431228,https://www.suchajun.com/richang/xingzhengquhuadaima/431228,431200
3,靖州苗族侗族自治县,431229,https://www.suchajun.com/richang/xingzhengquhuadaima/431229,431200
3,通道侗族自治县,431230,https://www.suchajun.com/richang/xingzhengquhuadaima/431230,431200
3,洪江市,431281,https://www.suchajun.com/richang/xingzhengquhuadaima/431281,431200
2,娄底市,431300,https://www.suchajun.com/richang/xingzhengquhuadaima/431300,430000
3,娄星区,431302,https://www.suchajun.com/richang/xingzhengquhuadaima/431302,431300
3,双峰县,431321,https://www.suchajun.com/richang/xingzhengquhuadaima/431321,431300
3,新化县,431322,https://www.suchajun.com/richang/xingzhengquhuadaima/431322,431300
3,冷水江市,431381,https://www.suchajun.com/richang/xingzhengquhuadaima/431381,431300
3,涟源市,431382,https://www.suchajun.com/richang/xingzhengquhuadaima/431382,431300
2,湘西土家族苗族自治州,433100,https://www.suchajun.com/richang/xingzhengquhuadaima/433100,430000
3,吉首市,433101,https://www.suchajun.com/richang/xingzhengquhuadaima/433101,433100
3,泸溪县,433122,https://www.suchajun.com/richang/xingzhengquhuadaima/433122,433100
3,凤凰县,433123,https://www.suchajun.com/richang/xingzhengquhuadaima/433123,433100
3,花垣县,433124,https://www.suchajun.com/richang/xingzhengquhuadaima/433124,433100
3,保靖县,433125,https://www.suchajun.com/richang/xingzhengquhuadaima/433125,433100
3,古丈县,433126,https://www.suchajun.com/richang/xingzhengquhuadaima/433126,433100
3,永顺县,433127,https://www.suchajun.com/richang/xingzhengquhuadaima/433127,433100
3,龙山县,433130,https://www.suchajun.com/richang/xingzhengquhuadaima/433130,433100
1,广东省,440000,https://www.suchajun.com/richang/xingzhengquhuadaima/440000,
2,广州市,440100,https://www.suchajun.com/richang/xingzhengquhuadaima/440100,440000
3,荔湾区,440103,https://www.suchajun.com/richang/xingzhengquhuadaima/440103,440100
3,越秀区,440104,https://www.suchajun.com/richang/xingzhengquhuadaima/440104,440100
3,海珠区,440105,https://www.suchajun.com/richang/xingzhengquhuadaima/440105,440100
3,天河区,440106,https://www.suchajun.com/richang/xingzhengquhuadaima/440106,440100
3,白云区,440111,https://www.suchajun.com/richang/xingzhengquhuadaima/440111,440100
3,黄浦区,440112,https://www.suchajun.com/richang/xingzhengquhuadaima/440112,440100
3,番禺区,440113,https://www.suchajun.com/richang/xingzhengquhuadaima/440113,440100
3,花都区,440114,https://www.suchajun.com/richang/xingzhengquhuadaima/440114,440100
3,南沙区,440115,https://www.suchajun.com/richang/xingzhengquhuadaima/440115,440100
3,从化区,440117,https://www.suchajun.com/richang/xingzhengquhuadaima/440117,440100
3,增城区,440118,https://www.suchajun.com/richang/xingzhengquhuadaima/440118,440100
2,韶关市,440200,https://www.suchajun.com/richang/xingzhengquhuadaima/440200,440000
3,武江区,440203,https://www.suchajun.com/richang/xingzhengquhuadaima/440203,440200
3,浈江区,440204,https://www.suchajun.com/richang/xingzhengquhuadaima/440204,440200
3,曲江区,440205,https://www.suchajun.com/richang/xingzhengquhuadaima/440205,440200
3,始兴县,440222,https://www.suchajun.com/richang/xingzhengquhuadaima/440222,440200
3,仁化县,440224,https://www.suchajun.com/richang/xingzhengquhuadaima/440224,440200
3,翁源县,440229,https://www.suchajun.com/richang/xingzhengquhuadaima/440229,440200
3,乳源瑶族自治县,440232,https://www.suchajun.com/richang/xingzhengquhuadaima/440232,440200
3,新丰县,440233,https://www.suchajun.com/richang/xingzhengquhuadaima/440233,440200
3,乐昌市,440281,https://www.suchajun.com/richang/xingzhengquhuadaima/440281,440200
3,南雄市,440282,https://www.suchajun.com/richang/xingzhengquhuadaima/440282,440200
2,深圳市,440300,https://www.suchajun.com/richang/xingzhengquhuadaima/440300,440000
3,罗湖区,440303,https://www.suchajun.com/richang/xingzhengquhuadaima/440303,440300
3,福田区,440304,https://www.suchajun.com/richang/xingzhengquhuadaima/440304,440300
3,南山区,440305,https://www.suchajun.com/richang/xingzhengquhuadaima/440305,440300
3,宝安区,440306,https://www.suchajun.com/richang/xingzhengquhuadaima/440306,440300
3,龙岗区,440307,https://www.suchajun.com/richang/xingzhengquhuadaima/440307,440300
3,盐田区,440308,https://www.suchajun.com/richang/xingzhengquhuadaima/440308,440300
3,龙华区,440309,https://www.suchajun.com/richang/xingzhengquhuadaima/440309,440300
3,坪山区,440310,https://www.suchajun.com/richang/xingzhengquhuadaima/440310,440300
3,光明区,440311,https://www.suchajun.com/richang/xingzhengquhuadaima/440311,440300
2,珠海市,440400,https://www.suchajun.com/richang/xingzhengquhuadaima/440400,440000
3,香洲区,440402,https://www.suchajun.com/richang/xingzhengquhuadaima/440402,440400
3,斗门区,440403,https://www.suchajun.com/richang/xingzhengquhuadaima/440403,440400
3,金湾区,440404,https://www.suchajun.com/richang/xingzhengquhuadaima/440404,440400
2,汕头市,440500,https://www.suchajun.com/richang/xingzhengquhuadaima/440500,440000
3,龙湖区,440507,https://www.suchajun.com/richang/xingzhengquhuadaima/440507,440500
3,濠江区,440512,https://www.suchajun.com/richang/xingzhengquhuadaima/440512,440500
3,潮阳区,440513,https://www.suchajun.com/richang/xingzhengquhuadaima/440513,440500
3,潮南区,440514,https://www.suchajun.com/richang/xingzhengquhuadaima/440514,440500
3,澄海区,440515,https://www.suchajun.com/richang/xingzhengquhuadaima/440515,440500
3,南澳县,440523,https://www.suchajun.com/richang/xingzhengquhuadaima/440523,440500
2,佛山市,440600,https://www.suchajun.com/richang/xingzhengquhuadaima/440600,440000
3,禅城区,440604,https://www.suchajun.com/richang/xingzhengquhuadaima/440604,440600
3,南海区,440605,https://www.suchajun.com/richang/xingzhengquhuadaima/440605,440600
3,顺德区,440606,https://www.suchajun.com/richang/xingzhengquhuadaima/440606,440600
3,三水区,440607,https://www.suchajun.com/richang/xingzhengquhuadaima/440607,440600
3,高明区,440608,https://www.suchajun.com/richang/xingzhengquhuadaima/440608,440600
2,江门市,440700,https://www.suchajun.com/richang/xingzhengquhuadaima/440700,440000
3,蓬江区,440703,https://www.suchajun.com/richang/xingzhengquhuadaima/440703,440700
3,江海区,440704,https://www.suchajun.com/richang/xingzhengquhuadaima/440704,440700
3,新会区,440705,https://www.suchajun.com/richang/xingzhengquhuadaima/440705,440700
3,台山市,440781,https://www.suchajun.com/richang/xingzhengquhuadaima/440781,440700
3,开平市,440783,https://www.suchajun.com/richang/xingzhengquhuadaima/440783,440700
3,鹤山市,440784,https://www.suchajun.com/richang/xingzhengquhuadaima/440784,440700
3,恩平市,440785,https://www.suchajun.com/richang/xingzhengquhuadaima/440785,440700
2,湛江市,440800,https://www.suchajun.com/richang/xingzhengquhuadaima/440800,440000
3,赤坎区,440802,https://www.suchajun.com/richang/xingzhengquhuadaima/440802,440800
3,霞山区,440803,https://www.suchajun.com/richang/xingzhengquhuadaima/440803,440800
3,坡头区,440804,https://www.suchajun.com/richang/xingzhengquhuadaima/440804,440800
3,麻章区,440811,https://www.suchajun.com/richang/xingzhengquhuadaima/440811,440800
3,遂溪县,440823,https://www.suchajun.com/richang/xingzhengquhuadaima/440823,440800
3,徐闻县,440825,https://www.suchajun.com/richang/xingzhengquhuadaima/440825,440800
3,廉江市,440881,https://www.suchajun.com/richang/xingzhengquhuadaima/440881,440800
3,雷州市,440882,https://www.suchajun.com/richang/xingzhengquhuadaima/440882,440800
3,吴川市,440883,https://www.suchajun.com/richang/xingzhengquhuadaima/440883,440800
2,茂名市,440900,https://www.suchajun.com/richang/xingzhengquhuadaima/440900,440000
3,茂南区,440902,https://www.suchajun.com/richang/xingzhengquhuadaima/440902,440900
3,电白区,440904,https://www.suchajun.com/richang/xingzhengquhuadaima/440904,440900
3,高州市,440981,https://www.suchajun.com/richang/xingzhengquhuadaima/440981,440900
3,化州市,440982,https://www.suchajun.com/richang/xingzhengquhuadaima/440982,440900
3,信宜市,440983,https://www.suchajun.com/richang/xingzhengquhuadaima/440983,440900
2,肇庆市,441200,https://www.suchajun.com/richang/xingzhengquhuadaima/441200,440000
3,端州区,441202,https://www.suchajun.com/richang/xingzhengquhuadaima/441202,441200
3,鼎湖区,441203,https://www.suchajun.com/richang/xingzhengquhuadaima/441203,441200
3,高要区,441204,https://www.suchajun.com/richang/xingzhengquhuadaima/441204,441200
3,广宁县,441223,https://www.suchajun.com/richang/xingzhengquhuadaima/441223,441200
3,怀集县,441224,https://www.suchajun.com/richang/xingzhengquhuadaima/441224,441200
3,封开县,441225,https://www.suchajun.com/richang/xingzhengquhuadaima/441225,441200
3,德庆县,441226,https://www.suchajun.com/richang/xingzhengquhuadaima/441226,441200
3,四会市,441284,https://www.suchajun.com/richang/xingzhengquhuadaima/441284,441200
2,惠州市,441300,https://www.suchajun.com/richang/xingzhengquhuadaima/441300,440000
3,惠城区,441302,https://www.suchajun.com/richang/xingzhengquhuadaima/441302,441300
3,惠阳区,441303,https://www.suchajun.com/richang/xingzhengquhuadaima/441303,441300
3,博罗县,441322,https://www.suchajun.com/richang/xingzhengquhuadaima/441322,441300
3,惠东县,441323,https://www.suchajun.com/richang/xingzhengquhuadaima/441323,441300
3,龙门县,441324,https://www.suchajun.com/richang/xingzhengquhuadaima/441324,441300
2,梅州市,441400,https://www.suchajun.com/richang/xingzhengquhuadaima/441400,440000
3,梅江区,441402,https://www.suchajun.com/richang/xingzhengquhuadaima/441402,441400
3,梅县区,441403,https://www.suchajun.com/richang/xingzhengquhuadaima/441403,441400
3,大埔县,441422,https://www.suchajun.com/richang/xingzhengquhuadaima/441422,441400
3,丰顺县,441423,https://www.suchajun.com/richang/xingzhengquhuadaima/441423,441400
3,五华县,441424,https://www.suchajun.com/richang/xingzhengquhuadaima/441424,441400
3,平远县,441426,https://www.suchajun.com/richang/xingzhengquhuadaima/441426,441400
3,蕉岭县,441427,https://www.suchajun.com/richang/xingzhengquhuadaima/441427,441400
3,兴宁市,441481,https://www.suchajun.com/richang/xingzhengquhuadaima/441481,441400
2,汕尾市,441500,https://www.suchajun.com/richang/xingzhengquhuadaima/441500,440000
3,城区,441502,https://www.suchajun.com/richang/xingzhengquhuadaima/441502,441500
3,海丰县,441521,https://www.suchajun.com/richang/xingzhengquhuadaima/441521,441500
3,陆河县,441523,https://www.suchajun.com/richang/xingzhengquhuadaima/441523,441500
3,陆丰市,441581,https://www.suchajun.com/richang/xingzhengquhuadaima/441581,441500
2,河源市,441600,https://www.suchajun.com/richang/xingzhengquhuadaima/441600,440000
3,源城区,441602,https://www.suchajun.com/richang/xingzhengquhuadaima/441602,441600
3,紫金县,441621,https://www.suchajun.com/richang/xingzhengquhuadaima/441621,441600
3,龙川县,441622,https://www.suchajun.com/richang/xingzhengquhuadaima/441622,441600
3,连平县,441623,https://www.suchajun.com/richang/xingzhengquhuadaima/441623,441600
3,和平县,441624,https://www.suchajun.com/richang/xingzhengquhuadaima/441624,441600
3,东源县,441625,https://www.suchajun.com/richang/xingzhengquhuadaima/441625,441600
2,阳江市,441700,https://www.suchajun.com/richang/xingzhengquhuadaima/441700,440000
3,江城区,441702,https://www.suchajun.com/richang/xingzhengquhuadaima/441702,441700
3,阳东区,441704,https://www.suchajun.com/richang/xingzhengquhuadaima/441704,441700
3,阳西县,441721,https://www.suchajun.com/richang/xingzhengquhuadaima/441721,441700
3,阳春市,441781,https://www.suchajun.com/richang/xingzhengquhuadaima/441781,441700
2,清远市,441800,https://www.suchajun.com/richang/xingzhengquhuadaima/441800,440000
3,清城区,441802,https://www.suchajun.com/richang/xingzhengquhuadaima/441802,441800
3,清新区,441803,https://www.suchajun.com/richang/xingzhengquhuadaima/441803,441800
3,佛冈县,441821,https://www.suchajun.com/richang/xingzhengquhuadaima/441821,441800
3,阳山县,441823,https://www.suchajun.com/richang/xingzhengquhuadaima/441823,441800
3,连山壮族瑶族自治县,441825,https://www.suchajun.com/richang/xingzhengquhuadaima/441825,441800
3,连南瑶族自治县,441826,https://www.suchajun.com/richang/xingzhengquhuadaima/441826,441800
3,英德市,441881,https://www.suchajun.com/richang/xingzhengquhuadaima/441881,441800
3,连州市,441882,https://www.suchajun.com/richang/xingzhengquhuadaima/441882,441800
2,东莞市,441900,https://www.suchajun.com/richang/xingzhengquhuadaima/441900,440000
2,中山市,442000,https://www.suchajun.com/richang/xingzhengquhuadaima/442000,440000
2,潮州市,445100,https://www.suchajun.com/richang/xingzhengquhuadaima/445100,440000
3,湘桥区,445102,https://www.suchajun.com/richang/xingzhengquhuadaima/445102,445100
3,潮安区,445103,https://www.suchajun.com/richang/xingzhengquhuadaima/445103,445100
3,饶平县,445122,https://www.suchajun.com/richang/xingzhengquhuadaima/445122,445100
2,揭阳市,445200,https://www.suchajun.com/richang/xingzhengquhuadaima/445200,440000
3,榕城区,445202,https://www.suchajun.com/richang/xingzhengquhuadaima/445202,445200
3,揭东区,445203,https://www.suchajun.com/richang/xingzhengquhuadaima/445203,445200
3,揭西县,445222,https://www.suchajun.com/richang/xingzhengquhuadaima/445222,445200
3,惠来县,445224,https://www.suchajun.com/richang/xingzhengquhuadaima/445224,445200
3,普宁市,445281,https://www.suchajun.com/richang/xingzhengquhuadaima/445281,445200
2,云浮市,445300,https://www.suchajun.com/richang/xingzhengquhuadaima/445300,440000
3,云城区,445302,https://www.suchajun.com/richang/xingzhengquhuadaima/445302,445300
3,云安区,445303,https://www.suchajun.com/richang/xingzhengquhuadaima/445303,445300
3,新兴县,445321,https://www.suchajun.com/richang/xingzhengquhuadaima/445321,445300
3,郁南县,445322,https://www.suchajun.com/richang/xingzhengquhuadaima/445322,445300
3,罗定市,445381,https://www.suchajun.com/richang/xingzhengquhuadaima/445381,445300
1,广西壮族自治区,450000,https://www.suchajun.com/richang/xingzhengquhuadaima/450000,
2,南宁市,450100,https://www.suchajun.com/richang/xingzhengquhuadaima/450100,450000
3,兴宁区,450102,https://www.suchajun.com/richang/xingzhengquhuadaima/450102,450100
3,青秀区,450103,https://www.suchajun.com/richang/xingzhengquhuadaima/450103,450100
3,江南区,450105,https://www.suchajun.com/richang/xingzhengquhuadaima/450105,450100
3,西乡塘区,450107,https://www.suchajun.com/richang/xingzhengquhuadaima/450107,450100
3,良庆区,450108,https://www.suchajun.com/richang/xingzhengquhuadaima/450108,450100
3,邕宁区,450109,https://www.suchajun.com/richang/xingzhengquhuadaima/450109,450100
3,武鸣区,450110,https://www.suchajun.com/richang/xingzhengquhuadaima/450110,450100
3,隆安县,450123,https://www.suchajun.com/richang/xingzhengquhuadaima/450123,450100
3,马山县,450124,https://www.suchajun.com/richang/xingzhengquhuadaima/450124,450100
3,上林县,450125,https://www.suchajun.com/richang/xingzhengquhuadaima/450125,450100
3,宾阳县,450126,https://www.suchajun.com/richang/xingzhengquhuadaima/450126,450100
3,横州市,450181,https://www.suchajun.com/richang/xingzhengquhuadaima/450181,450100
2,柳州市,450200,https://www.suchajun.com/richang/xingzhengquhuadaima/450200,450000
3,城中区,450202,https://www.suchajun.com/richang/xingzhengquhuadaima/450202,450200
3,鱼峰区,450203,https://www.suchajun.com/richang/xingzhengquhuadaima/450203,450200
3,柳南区,450204,https://www.suchajun.com/richang/xingzhengquhuadaima/450204,450200
3,柳北区,450205,https://www.suchajun.com/richang/xingzhengquhuadaima/450205,450200
3,柳江区,450206,https://www.suchajun.com/richang/xingzhengquhuadaima/450206,450200
3,柳城县,450222,https://www.suchajun.com/richang/xingzhengquhuadaima/450222,450200
3,鹿寨县,450223,https://www.suchajun.com/richang/xingzhengquhuadaima/450223,450200
3,融安县,450224,https://www.suchajun.com/richang/xingzhengquhuadaima/450224,450200
3,融水苗族自治县,450225,https://www.suchajun.com/richang/xingzhengquhuadaima/450225,450200
3,三江侗族自治县,450226,https://www.suchajun.com/richang/xingzhengquhuadaima/450226,450200
2,桂林市,450300,https://www.suchajun.com/richang/xingzhengquhuadaima/450300,450000
3,秀峰区,450302,https://www.suchajun.com/richang/xingzhengquhuadaima/450302,450300
3,叠彩区,450303,https://www.suchajun.com/richang/xingzhengquhuadaima/450303,450300
3,象山区,450304,https://www.suchajun.com/richang/xingzhengquhuadaima/450304,450300
3,七星区,450305,https://www.suchajun.com/richang/xingzhengquhuadaima/450305,450300
3,雁山区,450311,https://www.suchajun.com/richang/xingzhengquhuadaima/450311,450300
3,临桂区,450312,https://www.suchajun.com/richang/xingzhengquhuadaima/450312,450300
3,阳朔县,450321,https://www.suchajun.com/richang/xingzhengquhuadaima/450321,450300
3,灵川县,450323,https://www.suchajun.com/richang/xingzhengquhuadaima/450323,450300
3,全州县,450324,https://www.suchajun.com/richang/xingzhengquhuadaima/450324,450300
3,兴安县,450325,https://www.suchajun.com/richang/xingzhengquhuadaima/450325,450300
3,永福县,450326,https://www.suchajun.com/richang/xingzhengquhuadaima/450326,450300
3,灌阳县,450327,https://www.suchajun.com/richang/xingzhengquhuadaima/450327,450300
3,龙胜各族自治县,450328,https://www.suchajun.com/richang/xingzhengquhuadaima/450328,450300
3,资源县,450329,https://www.suchajun.com/richang/xingzhengquhuadaima/450329,450300
3,平乐县,450330,https://www.suchajun.com/richang/xingzhengquhuadaima/450330,450300
3,恭城瑶族自治县,450332,https://www.suchajun.com/richang/xingzhengquhuadaima/450332,450300
3,荔浦市,450381,https://www.suchajun.com/richang/xingzhengquhuadaima/450381,450300
2,梧州市,450400,https://www.suchajun.com/richang/xingzhengquhuadaima/450400,450000
3,万秀区,450403,https://www.suchajun.com/richang/xingzhengquhuadaima/450403,450400
3,长洲区,450405,https://www.suchajun.com/richang/xingzhengquhuadaima/450405,450400
3,龙圩区,450406,https://www.suchajun.com/richang/xingzhengquhuadaima/450406,450400
3,苍梧县,450421,https://www.suchajun.com/richang/xingzhengquhuadaima/450421,450400
3,藤县,450422,https://www.suchajun.com/richang/xingzhengquhuadaima/450422,450400
3,蒙山县,450423,https://www.suchajun.com/richang/xingzhengquhuadaima/450423,450400
3,岑溪市,450481,https://www.suchajun.com/richang/xingzhengquhuadaima/450481,450400
2,北海市,450500,https://www.suchajun.com/richang/xingzhengquhuadaima/450500,450000
3,海城区,450502,https://www.suchajun.com/richang/xingzhengquhuadaima/450502,450500
3,银海区,450503,https://www.suchajun.com/richang/xingzhengquhuadaima/450503,450500
3,铁山港区,450512,https://www.suchajun.com/richang/xingzhengquhuadaima/450512,450500
3,合浦县,450521,https://www.suchajun.com/richang/xingzhengquhuadaima/450521,450500
2,防城港市,450600,https://www.suchajun.com/richang/xingzhengquhuadaima/450600,450000
3,港口区,450602,https://www.suchajun.com/richang/xingzhengquhuadaima/450602,450600
3,防城区,450603,https://www.suchajun.com/richang/xingzhengquhuadaima/450603,450600
3,上思县,450621,https://www.suchajun.com/richang/xingzhengquhuadaima/450621,450600
3,东兴市,450681,https://www.suchajun.com/richang/xingzhengquhuadaima/450681,450600
2,钦州市,450700,https://www.suchajun.com/richang/xingzhengquhuadaima/450700,450000
3,钦南区,450702,https://www.suchajun.com/richang/xingzhengquhuadaima/450702,450700
3,钦北区,450703,https://www.suchajun.com/richang/xingzhengquhuadaima/450703,450700
3,灵山县,450721,https://www.suchajun.com/richang/xingzhengquhuadaima/450721,450700
3,浦北县,450722,https://www.suchajun.com/richang/xingzhengquhuadaima/450722,450700
2,贵港市,450800,https://www.suchajun.com/richang/xingzhengquhuadaima/450800,450000
3,港北区,450802,https://www.suchajun.com/richang/xingzhengquhuadaima/450802,450800
3,港南区,450803,https://www.suchajun.com/richang/xingzhengquhuadaima/450803,450800
3,覃塘区,450804,https://www.suchajun.com/richang/xingzhengquhuadaima/450804,450800
3,平南县,450821,https://www.suchajun.com/richang/xingzhengquhuadaima/450821,450800
3,桂平市,450881,https://www.suchajun.com/richang/xingzhengquhuadaima/450881,450800
2,玉林市,450900,https://www.suchajun.com/richang/xingzhengquhuadaima/450900,450000
3,玉州区,450902,https://www.suchajun.com/richang/xingzhengquhuadaima/450902,450900
3,福绵区,450903,https://www.suchajun.com/richang/xingzhengquhuadaima/450903,450900
3,容县,450921,https://www.suchajun.com/richang/xingzhengquhuadaima/450921,450900
3,陆川县,450922,https://www.suchajun.com/richang/xingzhengquhuadaima/450922,450900
3,博白县,450923,https://www.suchajun.com/richang/xingzhengquhuadaima/450923,450900
3,兴业县,450924,https://www.suchajun.com/richang/xingzhengquhuadaima/450924,450900
3,北流市,450981,https://www.suchajun.com/richang/xingzhengquhuadaima/450981,450900
2,百色市,451000,https://www.suchajun.com/richang/xingzhengquhuadaima/451000,450000
3,右江区,451002,https://www.suchajun.com/richang/xingzhengquhuadaima/451002,451000
3,田阳区,451003,https://www.suchajun.com/richang/xingzhengquhuadaima/451003,451000
3,田东县,451022,https://www.suchajun.com/richang/xingzhengquhuadaima/451022,451000
3,德保县,451024,https://www.suchajun.com/richang/xingzhengquhuadaima/451024,451000
3,那坡县,451026,https://www.suchajun.com/richang/xingzhengquhuadaima/451026,451000
3,凌云县,451027,https://www.suchajun.com/richang/xingzhengquhuadaima/451027,451000
3,乐业县,451028,https://www.suchajun.com/richang/xingzhengquhuadaima/451028,451000
3,田林县,451029,https://www.suchajun.com/richang/xingzhengquhuadaima/451029,451000
3,西林县,451030,https://www.suchajun.com/richang/xingzhengquhuadaima/451030,451000
3,隆林各族自治县,451031,https://www.suchajun.com/richang/xingzhengquhuadaima/451031,451000
3,靖西市,451081,https://www.suchajun.com/richang/xingzhengquhuadaima/451081,451000
3,平果市,451082,https://www.suchajun.com/richang/xingzhengquhuadaima/451082,451000
2,贺州市,451100,https://www.suchajun.com/richang/xingzhengquhuadaima/451100,450000
3,八步区,451102,https://www.suchajun.com/richang/xingzhengquhuadaima/451102,451100
3,平桂区,451103,https://www.suchajun.com/richang/xingzhengquhuadaima/451103,451100
3,昭平县,451121,https://www.suchajun.com/richang/xingzhengquhuadaima/451121,451100
3,钟山县,451122,https://www.suchajun.com/richang/xingzhengquhuadaima/451122,451100
3,富川瑶族自治县,451123,https://www.suchajun.com/richang/xingzhengquhuadaima/451123,451100
2,河池市,451200,https://www.suchajun.com/richang/xingzhengquhuadaima/451200,450000
3,金城江区,451202,https://www.suchajun.com/richang/xingzhengquhuadaima/451202,451200
3,宜州区,451203,https://www.suchajun.com/richang/xingzhengquhuadaima/451203,451200
3,南丹县,451221,https://www.suchajun.com/richang/xingzhengquhuadaima/451221,451200
3,天峨县,451222,https://www.suchajun.com/richang/xingzhengquhuadaima/451222,451200
3,凤山县,451223,https://www.suchajun.com/richang/xingzhengquhuadaima/451223,451200
3,东兰县,451224,https://www.suchajun.com/richang/xingzhengquhuadaima/451224,451200
3,罗城仫佬族自治县,451225,https://www.suchajun.com/richang/xingzhengquhuadaima/451225,451200
3,环江毛南族自治县,451226,https://www.suchajun.com/richang/xingzhengquhuadaima/451226,451200
3,巴马瑶族自治县,451227,https://www.suchajun.com/richang/xingzhengquhuadaima/451227,451200
3,都安瑶族自治县,451228,https://www.suchajun.com/richang/xingzhengquhuadaima/451228,451200
3,大化瑶族自治县,451229,https://www.suchajun.com/richang/xingzhengquhuadaima/451229,451200
2,来宾市,451300,https://www.suchajun.com/richang/xingzhengquhuadaima/451300,450000
3,兴宾区,451302,https://www.suchajun.com/richang/xingzhengquhuadaima/451302,451300
3,忻城县,451321,https://www.suchajun.com/richang/xingzhengquhuadaima/451321,451300
3,象州县,451322,https://www.suchajun.com/richang/xingzhengquhuadaima/451322,451300
3,武宣县,451323,https://www.suchajun.com/richang/xingzhengquhuadaima/451323,451300
3,金秀瑶族自治县,451324,https://www.suchajun.com/richang/xingzhengquhuadaima/451324,451300
3,合山市,451381,https://www.suchajun.com/richang/xingzhengquhuadaima/451381,451300
2,崇左市,451400,https://www.suchajun.com/richang/xingzhengquhuadaima/451400,450000
3,江州区,451402,https://www.suchajun.com/richang/xingzhengquhuadaima/451402,451400
3,扶绥县,451421,https://www.suchajun.com/richang/xingzhengquhuadaima/451421,451400
3,宁明县,451422,https://www.suchajun.com/richang/xingzhengquhuadaima/451422,451400
3,龙州县,451423,https://www.suchajun.com/richang/xingzhengquhuadaima/451423,451400
3,大新县,451424,https://www.suchajun.com/richang/xingzhengquhuadaima/451424,451400
3,天等县,451425,https://www.suchajun.com/richang/xingzhengquhuadaima/451425,451400
3,凭祥市,451481,https://www.suchajun.com/richang/xingzhengquhuadaima/451481,451400
1,海南省,460000,https://www.suchajun.com/richang/xingzhengquhuadaima/460000,
2,海口市,460100,https://www.suchajun.com/richang/xingzhengquhuadaima/460100,460000
3,秀英区,460105,https://www.suchajun.com/richang/xingzhengquhuadaima/460105,460100
3,龙华区,460106,https://www.suchajun.com/richang/xingzhengquhuadaima/460106,460100
3,琼山区,460107,https://www.suchajun.com/richang/xingzhengquhuadaima/460107,460100
3,美兰区,460108,https://www.suchajun.com/richang/xingzhengquhuadaima/460108,460100
2,三亚市,460200,https://www.suchajun.com/richang/xingzhengquhuadaima/460200,460000
3,海棠区,460202,https://www.suchajun.com/richang/xingzhengquhuadaima/460202,460200
3,吉阳区,460203,https://www.suchajun.com/richang/xingzhengquhuadaima/460203,460200
3,天涯区,460204,https://www.suchajun.com/richang/xingzhengquhuadaima/460204,460200
3,崖州区,460205,https://www.suchajun.com/richang/xingzhengquhuadaima/460205,460200
2,三沙市,460300,https://www.suchajun.com/richang/xingzhengquhuadaima/460300,460000
2,儋州市,460400,https://www.suchajun.com/richang/xingzhengquhuadaima/460400,460000
2,省直辖县级行政单位,469000,https://www.suchajun.com/richang/xingzhengquhuadaima/469000,460000
3,五指山市,469001,https://www.suchajun.com/richang/xingzhengquhuadaima/469001,469000
3,琼海市,469002,https://www.suchajun.com/richang/xingzhengquhuadaima/469002,469000
3,文昌市,469005,https://www.suchajun.com/richang/xingzhengquhuadaima/469005,469000
3,万宁市,469006,https://www.suchajun.com/richang/xingzhengquhuadaima/469006,469000
3,东方市,469007,https://www.suchajun.com/richang/xingzhengquhuadaima/469007,469000
3,定安县,469021,https://www.suchajun.com/richang/xingzhengquhuadaima/469021,469000
3,屯昌县,469022,https://www.suchajun.com/richang/xingzhengquhuadaima/469022,469000
3,澄迈县,469023,https://www.suchajun.com/richang/xingzhengquhuadaima/469023,469000
3,临高县,469024,https://www.suchajun.com/richang/xingzhengquhuadaima/469024,469000
3,白沙黎族自治县,469025,https://www.suchajun.com/richang/xingzhengquhuadaima/469025,469000
3,昌江黎族自治县,469026,https://www.suchajun.com/richang/xingzhengquhuadaima/469026,469000
3,乐东黎族自治县,469027,https://www.suchajun.com/richang/xingzhengquhuadaima/469027,469000
3,陵水黎族自治县,469028,https://www.suchajun.com/richang/xingzhengquhuadaima/469028,469000
3,保亭黎族苗族自治县,469029,https://www.suchajun.com/richang/xingzhengquhuadaima/469029,469000
3,琼中黎族苗族自治县,469030,https://www.suchajun.com/richang/xingzhengquhuadaima/469030,469000
1,重庆市,500000,https://www.suchajun.com/richang/xingzhengquhuadaima/500000,
2,万州区,500101,https://www.suchajun.com/richang/xingzhengquhuadaima/500101,500000
2,涪陵区,500102,https://www.suchajun.com/richang/xingzhengquhuadaima/500102,500000
2,渝中区,500103,https://www.suchajun.com/richang/xingzhengquhuadaima/500103,500000
2,大渡口区,500104,https://www.suchajun.com/richang/xingzhengquhuadaima/500104,500000
2,江北区,500105,https://www.suchajun.com/richang/xingzhengquhuadaima/500105,500000
2,沙坪坝区,500106,https://www.suchajun.com/richang/xingzhengquhuadaima/500106,500000
2,九龙坡区,500107,https://www.suchajun.com/richang/xingzhengquhuadaima/500107,500000
2,南岸区,500108,https://www.suchajun.com/richang/xingzhengquhuadaima/500108,500000
2,北碚区,500109,https://www.suchajun.com/richang/xingzhengquhuadaima/500109,500000
2,綦江区,500110,https://www.suchajun.com/richang/xingzhengquhuadaima/500110,500000
2,大足区,500111,https://www.suchajun.com/richang/xingzhengquhuadaima/500111,500000
2,渝北区,500112,https://www.suchajun.com/richang/xingzhengquhuadaima/500112,500000
2,巴南区,500113,https://www.suchajun.com/richang/xingzhengquhuadaima/500113,500000
2,黔江区,500114,https://www.suchajun.com/richang/xingzhengquhuadaima/500114,500000
2,长寿区,500115,https://www.suchajun.com/richang/xingzhengquhuadaima/500115,500000
2,江津区,500116,https://www.suchajun.com/richang/xingzhengquhuadaima/500116,500000
2,合川区,500117,https://www.suchajun.com/richang/xingzhengquhuadaima/500117,500000
2,永川区,500118,https://www.suchajun.com/richang/xingzhengquhuadaima/500118,500000
2,南川区,500119,https://www.suchajun.com/richang/xingzhengquhuadaima/500119,500000
2,璧山区,500120,https://www.suchajun.com/richang/xingzhengquhuadaima/500120,500000
2,铜梁区,500151,https://www.suchajun.com/richang/xingzhengquhuadaima/500151,500000
2,潼南区,500152,https://www.suchajun.com/richang/xingzhengquhuadaima/500152,500000
2,荣昌区,500153,https://www.suchajun.com/richang/xingzhengquhuadaima/500153,500000
2,开州区,500154,https://www.suchajun.com/richang/xingzhengquhuadaima/500154,500000
2,梁平区,500155,https://www.suchajun.com/richang/xingzhengquhuadaima/500155,500000
2,武隆区,500156,https://www.suchajun.com/richang/xingzhengquhuadaima/500156,500000
2,城口县,500229,https://www.suchajun.com/richang/xingzhengquhuadaima/500229,500000
2,丰都县,500230,https://www.suchajun.com/richang/xingzhengquhuadaima/500230,500000
2,垫江县,500231,https://www.suchajun.com/richang/xingzhengquhuadaima/500231,500000
2,忠县,500233,https://www.suchajun.com/richang/xingzhengquhuadaima/500233,500000
2,云阳县,500235,https://www.suchajun.com/richang/xingzhengquhuadaima/500235,500000
2,奉节县,500236,https://www.suchajun.com/richang/xingzhengquhuadaima/500236,500000
2,巫山县,500237,https://www.suchajun.com/richang/xingzhengquhuadaima/500237,500000
2,巫溪县,500238,https://www.suchajun.com/richang/xingzhengquhuadaima/500238,500000
2,石柱土家族自治县,500240,https://www.suchajun.com/richang/xingzhengquhuadaima/500240,500000
2,秀山土家族苗族自治县,500241,https://www.suchajun.com/richang/xingzhengquhuadaima/500241,500000
2,酉阳土家族苗族自治县,500242,https://www.suchajun.com/richang/xingzhengquhuadaima/500242,500000
2,彭水苗族土家族自治县,500243,https://www.suchajun.com/richang/xingzhengquhuadaima/500243,500000
1,四川省,510000,https://www.suchajun.com/richang/xingzhengquhuadaima/510000,
2,成都市,510100,https://www.suchajun.com/richang/xingzhengquhuadaima/510100,510000
3,绵江区,510104,https://www.suchajun.com/richang/xingzhengquhuadaima/510104,510100
3,青羊区,510105,https://www.suchajun.com/richang/xingzhengquhuadaima/510105,510100
3,金牛区,510106,https://www.suchajun.com/richang/xingzhengquhuadaima/510106,510100
3,武侯区,510107,https://www.suchajun.com/richang/xingzhengquhuadaima/510107,510100
3,成华区,510108,https://www.suchajun.com/richang/xingzhengquhuadaima/510108,510100
3,龙泉驿区,510112,https://www.suchajun.com/richang/xingzhengquhuadaima/510112,510100
3,青白江区,510113,https://www.suchajun.com/richang/xingzhengquhuadaima/510113,510100
3,新都区,510114,https://www.suchajun.com/richang/xingzhengquhuadaima/510114,510100
3,温江区,510115,https://www.suchajun.com/richang/xingzhengquhuadaima/510115,510100
3,双流区,510116,https://www.suchajun.com/richang/xingzhengquhuadaima/510116,510100
3,郫都区,510117,https://www.suchajun.com/richang/xingzhengquhuadaima/510117,510100
3,新津区,510118,https://www.suchajun.com/richang/xingzhengquhuadaima/510118,510100
3,金堂县,510121,https://www.suchajun.com/richang/xingzhengquhuadaima/510121,510100
3,大邑县,510129,https://www.suchajun.com/richang/xingzhengquhuadaima/510129,510100
3,蒲江县,510131,https://www.suchajun.com/richang/xingzhengquhuadaima/510131,510100
3,都江堰市,510181,https://www.suchajun.com/richang/xingzhengquhuadaima/510181,510100
3,彭州市,510182,https://www.suchajun.com/richang/xingzhengquhuadaima/510182,510100
3,邛崃市,510183,https://www.suchajun.com/richang/xingzhengquhuadaima/510183,510100
3,崇州市,510184,https://www.suchajun.com/richang/xingzhengquhuadaima/510184,510100
3,简阳市,510185,https://www.suchajun.com/richang/xingzhengquhuadaima/510185,510100
2,自贡市,510300,https://www.suchajun.com/richang/xingzhengquhuadaima/510300,510000
3,自流井区,510302,https://www.suchajun.com/richang/xingzhengquhuadaima/510302,510300
3,贡井区,510303,https://www.suchajun.com/richang/xingzhengquhuadaima/510303,510300
3,大安区,510304,https://www.suchajun.com/richang/xingzhengquhuadaima/510304,510300
3,沿滩区,510311,https://www.suchajun.com/richang/xingzhengquhuadaima/510311,510300
3,荣县,510321,https://www.suchajun.com/richang/xingzhengquhuadaima/510321,510300
3,富顺县,510322,https://www.suchajun.com/richang/xingzhengquhuadaima/510322,510300
2,攀枝花市,510400,https://www.suchajun.com/richang/xingzhengquhuadaima/510400,510000
3,东区,510402,https://www.suchajun.com/richang/xingzhengquhuadaima/510402,510400
3,西区,510403,https://www.suchajun.com/richang/xingzhengquhuadaima/510403,510400
3,仁和区,510411,https://www.suchajun.com/richang/xingzhengquhuadaima/510411,510400
3,米易县,510421,https://www.suchajun.com/richang/xingzhengquhuadaima/510421,510400
3,盐边县,510422,https://www.suchajun.com/richang/xingzhengquhuadaima/510422,510400
2,泸州市,510500,https://www.suchajun.com/richang/xingzhengquhuadaima/510500,510000
3,江阳区,510502,https://www.suchajun.com/richang/xingzhengquhuadaima/510502,510500
3,纳溪区,510503,https://www.suchajun.com/richang/xingzhengquhuadaima/510503,510500
3,龙马潭区,510504,https://www.suchajun.com/richang/xingzhengquhuadaima/510504,510500
3,泸县,510521,https://www.suchajun.com/richang/xingzhengquhuadaima/510521,510500
3,合江县,510522,https://www.suchajun.com/richang/xingzhengquhuadaima/510522,510500
3,叙永县,510524,https://www.suchajun.com/richang/xingzhengquhuadaima/510524,510500
3,古蔺县,510525,https://www.suchajun.com/richang/xingzhengquhuadaima/510525,510500
2,德阳市,510600,https://www.suchajun.com/richang/xingzhengquhuadaima/510600,510000
3,旌阳区,510603,https://www.suchajun.com/richang/xingzhengquhuadaima/510603,510600
3,罗江区,510604,https://www.suchajun.com/richang/xingzhengquhuadaima/510604,510600
3,中江县,510623,https://www.suchajun.com/richang/xingzhengquhuadaima/510623,510600
3,广汉市,510681,https://www.suchajun.com/richang/xingzhengquhuadaima/510681,510600
3,什邡市,510682,https://www.suchajun.com/richang/xingzhengquhuadaima/510682,510600
3,绵竹市,510683,https://www.suchajun.com/richang/xingzhengquhuadaima/510683,510600
2,绵阳市,510700,https://www.suchajun.com/richang/xingzhengquhuadaima/510700,510000
3,涪城区,510703,https://www.suchajun.com/richang/xingzhengquhuadaima/510703,510700
3,游仙区,510704,https://www.suchajun.com/richang/xingzhengquhuadaima/510704,510700
3,安州区,510705,https://www.suchajun.com/richang/xingzhengquhuadaima/510705,510700
3,三台县,510722,https://www.suchajun.com/richang/xingzhengquhuadaima/510722,510700
3,盐亭县,510723,https://www.suchajun.com/richang/xingzhengquhuadaima/510723,510700
3,梓潼县,510725,https://www.suchajun.com/richang/xingzhengquhuadaima/510725,510700
3,北川羌族自治县,510726,https://www.suchajun.com/richang/xingzhengquhuadaima/510726,510700
3,平武县,510727,https://www.suchajun.com/richang/xingzhengquhuadaima/510727,510700
3,江油市,510781,https://www.suchajun.com/richang/xingzhengquhuadaima/510781,510700
2,广元市,510800,https://www.suchajun.com/richang/xingzhengquhuadaima/510800,510000
3,利州区,510802,https://www.suchajun.com/richang/xingzhengquhuadaima/510802,510800
3,昭化区,510811,https://www.suchajun.com/richang/xingzhengquhuadaima/510811,510800
3,朝天区,510812,https://www.suchajun.com/richang/xingzhengquhuadaima/510812,510800
3,旺苍县,510821,https://www.suchajun.com/richang/xingzhengquhuadaima/510821,510800
3,青川县,510822,https://www.suchajun.com/richang/xingzhengquhuadaima/510822,510800
3,剑阁县,510823,https://www.suchajun.com/richang/xingzhengquhuadaima/510823,510800
3,苍溪县,510824,https://www.suchajun.com/richang/xingzhengquhuadaima/510824,510800
2,遂宁市,510900,https://www.suchajun.com/richang/xingzhengquhuadaima/510900,510000
3,船山区,510903,https://www.suchajun.com/richang/xingzhengquhuadaima/510903,510900
3,安居区,510904,https://www.suchajun.com/richang/xingzhengquhuadaima/510904,510900
3,蓬溪县,510921,https://www.suchajun.com/richang/xingzhengquhuadaima/510921,510900
3,大英县,510923,https://www.suchajun.com/richang/xingzhengquhuadaima/510923,510900
3,射洪市,510981,https://www.suchajun.com/richang/xingzhengquhuadaima/510981,510900
2,内江市,511000,https://www.suchajun.com/richang/xingzhengquhuadaima/511000,510000
3,市中区,511002,https://www.suchajun.com/richang/xingzhengquhuadaima/511002,511000
3,东兴区,511011,https://www.suchajun.com/richang/xingzhengquhuadaima/511011,511000
3,威远县,511024,https://www.suchajun.com/richang/xingzhengquhuadaima/511024,511000
3,资中县,511025,https://www.suchajun.com/richang/xingzhengquhuadaima/511025,511000
3,隆昌市,511083,https://www.suchajun.com/richang/xingzhengquhuadaima/511083,511000
2,乐山市,511100,https://www.suchajun.com/richang/xingzhengquhuadaima/511100,510000
3,市中区,511102,https://www.suchajun.com/richang/xingzhengquhuadaima/511102,511100
3,沙湾区,511111,https://www.suchajun.com/richang/xingzhengquhuadaima/511111,511100
3,五通桥区,511112,https://www.suchajun.com/richang/xingzhengquhuadaima/511112,511100
3,金口河区,511113,https://www.suchajun.com/richang/xingzhengquhuadaima/511113,511100
3,犍为县,511123,https://www.suchajun.com/richang/xingzhengquhuadaima/511123,511100
3,井研县,511124,https://www.suchajun.com/richang/xingzhengquhuadaima/511124,511100
3,夹江县,511126,https://www.suchajun.com/richang/xingzhengquhuadaima/511126,511100
3,沐川县,511129,https://www.suchajun.com/richang/xingzhengquhuadaima/511129,511100
3,峨边彝族自治县,511132,https://www.suchajun.com/richang/xingzhengquhuadaima/511132,511100
3,马边彝族自治县,511133,https://www.suchajun.com/richang/xingzhengquhuadaima/511133,511100
3,峨眉山市,511181,https://www.suchajun.com/richang/xingzhengquhuadaima/511181,511100
2,南充市,511300,https://www.suchajun.com/richang/xingzhengquhuadaima/511300,510000
3,顺庆区,511302,https://www.suchajun.com/richang/xingzhengquhuadaima/511302,511300
3,高坪区,511303,https://www.suchajun.com/richang/xingzhengquhuadaima/511303,511300
3,嘉陵区,511304,https://www.suchajun.com/richang/xingzhengquhuadaima/511304,511300
3,南部县,511321,https://www.suchajun.com/richang/xingzhengquhuadaima/511321,511300
3,营山县,511322,https://www.suchajun.com/richang/xingzhengquhuadaima/511322,511300
3,蓬安县,511323,https://www.suchajun.com/richang/xingzhengquhuadaima/511323,511300
3,仪陇县,511324,https://www.suchajun.com/richang/xingzhengquhuadaima/511324,511300
3,西充县,511325,https://www.suchajun.com/richang/xingzhengquhuadaima/511325,511300
3,阆中市,511381,https://www.suchajun.com/richang/xingzhengquhuadaima/511381,511300
2,眉山市,511400,https://www.suchajun.com/richang/xingzhengquhuadaima/511400,510000
3,东坡区,511402,https://www.suchajun.com/richang/xingzhengquhuadaima/511402,511400
3,彭山区,511403,https://www.suchajun.com/richang/xingzhengquhuadaima/511403,511400
3,仁寿县,511421,https://www.suchajun.com/richang/xingzhengquhuadaima/511421,511400
3,洪雅县,511423,https://www.suchajun.com/richang/xingzhengquhuadaima/511423,511400
3,丹棱县,511424,https://www.suchajun.com/richang/xingzhengquhuadaima/511424,511400
3,青神县,511425,https://www.suchajun.com/richang/xingzhengquhuadaima/511425,511400
2,宜宾市,511500,https://www.suchajun.com/richang/xingzhengquhuadaima/511500,510000
3,翠屏区,511502,https://www.suchajun.com/richang/xingzhengquhuadaima/511502,511500
3,南溪区,511503,https://www.suchajun.com/richang/xingzhengquhuadaima/511503,511500
3,叙州区,511504,https://www.suchajun.com/richang/xingzhengquhuadaima/511504,511500
3,江安县,511523,https://www.suchajun.com/richang/xingzhengquhuadaima/511523,511500
3,长宁县,511524,https://www.suchajun.com/richang/xingzhengquhuadaima/511524,511500
3,高县,511525,https://www.suchajun.com/richang/xingzhengquhuadaima/511525,511500
3,珙县,511526,https://www.suchajun.com/richang/xingzhengquhuadaima/511526,511500
3,筠连县,511527,https://www.suchajun.com/richang/xingzhengquhuadaima/511527,511500
3,兴文县,511528,https://www.suchajun.com/richang/xingzhengquhuadaima/511528,511500
3,屏山县,511529,https://www.suchajun.com/richang/xingzhengquhuadaima/511529,511500
2,广安市,511600,https://www.suchajun.com/richang/xingzhengquhuadaima/511600,510000
3,广安区,511602,https://www.suchajun.com/richang/xingzhengquhuadaima/511602,511600
3,前锋区,511603,https://www.suchajun.com/richang/xingzhengquhuadaima/511603,511600
3,岳池县,511621,https://www.suchajun.com/richang/xingzhengquhuadaima/511621,511600
3,武胜县,511622,https://www.suchajun.com/richang/xingzhengquhuadaima/511622,511600
3,邻水县,511623,https://www.suchajun.com/richang/xingzhengquhuadaima/511623,511600
3,华蓥市,511681,https://www.suchajun.com/richang/xingzhengquhuadaima/511681,511600
2,达州市,511700,https://www.suchajun.com/richang/xingzhengquhuadaima/511700,510000
3,通川区,511702,https://www.suchajun.com/richang/xingzhengquhuadaima/511702,511700
3,达川区,511703,https://www.suchajun.com/richang/xingzhengquhuadaima/511703,511700
3,宣汉县,511722,https://www.suchajun.com/richang/xingzhengquhuadaima/511722,511700
3,开江县,511723,https://www.suchajun.com/richang/xingzhengquhuadaima/511723,511700
3,大竹县,511724,https://www.suchajun.com/richang/xingzhengquhuadaima/511724,511700
3,渠县,511725,https://www.suchajun.com/richang/xingzhengquhuadaima/511725,511700
3,万源市,511781,https://www.suchajun.com/richang/xingzhengquhuadaima/511781,511700
2,雅安市,511800,https://www.suchajun.com/richang/xingzhengquhuadaima/511800,510000
3,雨城区,511802,https://www.suchajun.com/richang/xingzhengquhuadaima/511802,511800
3,名山区,511803,https://www.suchajun.com/richang/xingzhengquhuadaima/511803,511800
3,荥经县,511822,https://www.suchajun.com/richang/xingzhengquhuadaima/511822,511800
3,汉源县,511823,https://www.suchajun.com/richang/xingzhengquhuadaima/511823,511800
3,石棉县,511824,https://www.suchajun.com/richang/xingzhengquhuadaima/511824,511800
3,天全县,511825,https://www.suchajun.com/richang/xingzhengquhuadaima/511825,511800
3,芦山县,511826,https://www.suchajun.com/richang/xingzhengquhuadaima/511826,511800
3,宝兴县,511827,https://www.suchajun.com/richang/xingzhengquhuadaima/511827,511800
2,巴中市,511900,https://www.suchajun.com/richang/xingzhengquhuadaima/511900,510000
3,巴州区,511902,https://www.suchajun.com/richang/xingzhengquhuadaima/511902,511900
3,恩阳区,511903,https://www.suchajun.com/richang/xingzhengquhuadaima/511903,511900
3,通江县,511921,https://www.suchajun.com/richang/xingzhengquhuadaima/511921,511900
3,南江县,511922,https://www.suchajun.com/richang/xingzhengquhuadaima/511922,511900
3,平昌县,511923,https://www.suchajun.com/richang/xingzhengquhuadaima/511923,511900
2,资阳市,512000,https://www.suchajun.com/richang/xingzhengquhuadaima/512000,510000
3,雁江区,512002,https://www.suchajun.com/richang/xingzhengquhuadaima/512002,512000
3,安岳县,512021,https://www.suchajun.com/richang/xingzhengquhuadaima/512021,512000
3,乐至县,512022,https://www.suchajun.com/richang/xingzhengquhuadaima/512022,512000
2,阿坝藏族羌族自治州,513200,https://www.suchajun.com/richang/xingzhengquhuadaima/513200,510000
3,马尔康市,513201,https://www.suchajun.com/richang/xingzhengquhuadaima/513201,513200
3,汶川县,513221,https://www.suchajun.com/richang/xingzhengquhuadaima/513221,513200
3,理县,513222,https://www.suchajun.com/richang/xingzhengquhuadaima/513222,513200
3,茂县,513223,https://www.suchajun.com/richang/xingzhengquhuadaima/513223,513200
3,松潘县,513224,https://www.suchajun.com/richang/xingzhengquhuadaima/513224,513200
3,九寨沟县,513225,https://www.suchajun.com/richang/xingzhengquhuadaima/513225,513200
3,金川县,513226,https://www.suchajun.com/richang/xingzhengquhuadaima/513226,513200
3,小金县,513227,https://www.suchajun.com/richang/xingzhengquhuadaima/513227,513200
3,黑水县,513228,https://www.suchajun.com/richang/xingzhengquhuadaima/513228,513200
3,壤塘县,513230,https://www.suchajun.com/richang/xingzhengquhuadaima/513230,513200
3,阿坝县,513231,https://www.suchajun.com/richang/xingzhengquhuadaima/513231,513200
3,若尔盖县,513232,https://www.suchajun.com/richang/xingzhengquhuadaima/513232,513200
3,红原县,513233,https://www.suchajun.com/richang/xingzhengquhuadaima/513233,513200
2,甘孜藏族自治州,513300,https://www.suchajun.com/richang/xingzhengquhuadaima/513300,510000
3,康定市,513301,https://www.suchajun.com/richang/xingzhengquhuadaima/513301,513300
3,泸定县,513322,https://www.suchajun.com/richang/xingzhengquhuadaima/513322,513300
3,丹巴县,513323,https://www.suchajun.com/richang/xingzhengquhuadaima/513323,513300
3,九龙县,513324,https://www.suchajun.com/richang/xingzhengquhuadaima/513324,513300
3,雅江县,513325,https://www.suchajun.com/richang/xingzhengquhuadaima/513325,513300
3,道孚县,513326,https://www.suchajun.com/richang/xingzhengquhuadaima/513326,513300
3,炉霍县,513327,https://www.suchajun.com/richang/xingzhengquhuadaima/513327,513300
3,甘孜县,513328,https://www.suchajun.com/richang/xingzhengquhuadaima/513328,513300
3,新龙县,513329,https://www.suchajun.com/richang/xingzhengquhuadaima/513329,513300
3,德格县,513330,https://www.suchajun.com/richang/xingzhengquhuadaima/513330,513300
3,白玉县,513331,https://www.suchajun.com/richang/xingzhengquhuadaima/513331,513300
3,石渠县,513332,https://www.suchajun.com/richang/xingzhengquhuadaima/513332,513300
3,色达县,513333,https://www.suchajun.com/richang/xingzhengquhuadaima/513333,513300
3,理塘县,513334,https://www.suchajun.com/richang/xingzhengquhuadaima/513334,513300
3,巴塘县,513335,https://www.suchajun.com/richang/xingzhengquhuadaima/513335,513300
3,乡城县,513336,https://www.suchajun.com/richang/xingzhengquhuadaima/513336,513300
3,稻城县,513337,https://www.suchajun.com/richang/xingzhengquhuadaima/513337,513300
3,得荣县,513338,https://www.suchajun.com/richang/xingzhengquhuadaima/513338,513300
2,凉山彝族自治州,513400,https://www.suchajun.com/richang/xingzhengquhuadaima/513400,510000
3,西昌市,513401,https://www.suchajun.com/richang/xingzhengquhuadaima/513401,513400
3,会理市,513402,https://www.suchajun.com/richang/xingzhengquhuadaima/513402,513400
3,木里藏族自治县,513422,https://www.suchajun.com/richang/xingzhengquhuadaima/513422,513400
3,盐源县,513423,https://www.suchajun.com/richang/xingzhengquhuadaima/513423,513400
3,德昌县,513424,https://www.suchajun.com/richang/xingzhengquhuadaima/513424,513400
3,会东县,513426,https://www.suchajun.com/richang/xingzhengquhuadaima/513426,513400
3,宁南县,513427,https://www.suchajun.com/richang/xingzhengquhuadaima/513427,513400
3,普格县,513428,https://www.suchajun.com/richang/xingzhengquhuadaima/513428,513400
3,布拖县,513429,https://www.suchajun.com/richang/xingzhengquhuadaima/513429,513400
3,金阳县,513430,https://www.suchajun.com/richang/xingzhengquhuadaima/513430,513400
3,昭觉县,513431,https://www.suchajun.com/richang/xingzhengquhuadaima/513431,513400
3,喜德县,513432,https://www.suchajun.com/richang/xingzhengquhuadaima/513432,513400
3,冕宁县,513433,https://www.suchajun.com/richang/xingzhengquhuadaima/513433,513400
3,越西县,513434,https://www.suchajun.com/richang/xingzhengquhuadaima/513434,513400
3,甘洛县,513435,https://www.suchajun.com/richang/xingzhengquhuadaima/513435,513400
3,美姑县,513436,https://www.suchajun.com/richang/xingzhengquhuadaima/513436,513400
3,雷波县,513437,https://www.suchajun.com/richang/xingzhengquhuadaima/513437,513400
1,贵州省,520000,https://www.suchajun.com/richang/xingzhengquhuadaima/520000,
2,贵阳市,520100,https://www.suchajun.com/richang/xingzhengquhuadaima/520100,520000
3,南明区,520102,https://www.suchajun.com/richang/xingzhengquhuadaima/520102,520100
3,云岩区,520103,https://www.suchajun.com/richang/xingzhengquhuadaima/520103,520100
3,花溪区,520111,https://www.suchajun.com/richang/xingzhengquhuadaima/520111,520100
3,乌当区,520112,https://www.suchajun.com/richang/xingzhengquhuadaima/520112,520100
3,白云区,520113,https://www.suchajun.com/richang/xingzhengquhuadaima/520113,520100
3,观山湖区,520115,https://www.suchajun.com/richang/xingzhengquhuadaima/520115,520100
3,开阳县,520121,https://www.suchajun.com/richang/xingzhengquhuadaima/520121,520100
3,息烽县,520122,https://www.suchajun.com/richang/xingzhengquhuadaima/520122,520100
3,修文县,520123,https://www.suchajun.com/richang/xingzhengquhuadaima/520123,520100
3,清镇市,520181,https://www.suchajun.com/richang/xingzhengquhuadaima/520181,520100
2,六盘水市,520200,https://www.suchajun.com/richang/xingzhengquhuadaima/520200,520000
3,钟山区,520201,https://www.suchajun.com/richang/xingzhengquhuadaima/520201,520200
3,六枝特区,520203,https://www.suchajun.com/richang/xingzhengquhuadaima/520203,520200
3,水城区,520204,https://www.suchajun.com/richang/xingzhengquhuadaima/520204,520200
3,盘州市,520281,https://www.suchajun.com/richang/xingzhengquhuadaima/520281,520200
2,遵义市,520300,https://www.suchajun.com/richang/xingzhengquhuadaima/520300,520000
3,红花岗区,520302,https://www.suchajun.com/richang/xingzhengquhuadaima/520302,520300
3,汇川区,520303,https://www.suchajun.com/richang/xingzhengquhuadaima/520303,520300
3,播州区,520304,https://www.suchajun.com/richang/xingzhengquhuadaima/520304,520300
3,桐梓县,520322,https://www.suchajun.com/richang/xingzhengquhuadaima/520322,520300
3,绥阳县,520323,https://www.suchajun.com/richang/xingzhengquhuadaima/520323,520300
3,正安县,520324,https://www.suchajun.com/richang/xingzhengquhuadaima/520324,520300
3,道真仡佬族苗族自治县,520325,https://www.suchajun.com/richang/xingzhengquhuadaima/520325,520300
3,务川仡佬族苗族自治县,520326,https://www.suchajun.com/richang/xingzhengquhuadaima/520326,520300
3,凤冈县,520327,https://www.suchajun.com/richang/xingzhengquhuadaima/520327,520300
3,湄潭县,520328,https://www.suchajun.com/richang/xingzhengquhuadaima/520328,520300
3,余庆县,520329,https://www.suchajun.com/richang/xingzhengquhuadaima/520329,520300
3,习水县,520330,https://www.suchajun.com/richang/xingzhengquhuadaima/520330,520300
3,赤水市,520381,https://www.suchajun.com/richang/xingzhengquhuadaima/520381,520300
3,仁怀市,520382,https://www.suchajun.com/richang/xingzhengquhuadaima/520382,520300
2,安顺市,520400,https://www.suchajun.com/richang/xingzhengquhuadaima/520400,520000
3,西秀区,520402,https://www.suchajun.com/richang/xingzhengquhuadaima/520402,520400
3,平坝区,520403,https://www.suchajun.com/richang/xingzhengquhuadaima/520403,520400
3,普定县,520422,https://www.suchajun.com/richang/xingzhengquhuadaima/520422,520400
3,镇宁布依族苗族自治县,520423,https://www.suchajun.com/richang/xingzhengquhuadaima/520423,520400
3,关岭布衣族苗族自治县,520424,https://www.suchajun.com/richang/xingzhengquhuadaima/520424,520400
3,紫云苗族布依族自治县,520425,https://www.suchajun.com/richang/xingzhengquhuadaima/520425,520400
2,毕节市,520500,https://www.suchajun.com/richang/xingzhengquhuadaima/520500,520000
3,市辖区,520501,https://www.suchajun.com/richang/xingzhengquhuadaima/520501,520500
3,七星关区,520502,https://www.suchajun.com/richang/xingzhengquhuadaima/520502,520500
3,大方县,520521,https://www.suchajun.com/richang/xingzhengquhuadaima/520521,520500
3,金沙县,520523,https://www.suchajun.com/richang/xingzhengquhuadaima/520523,520500
3,织金县,520524,https://www.suchajun.com/richang/xingzhengquhuadaima/520524,520500
3,纳雍县,520525,https://www.suchajun.com/richang/xingzhengquhuadaima/520525,520500
3,威宁彝族回族苗族自治县,520526,https://www.suchajun.com/richang/xingzhengquhuadaima/520526,520500
3,赫章县,520527,https://www.suchajun.com/richang/xingzhengquhuadaima/520527,520500
3,黔西市,520581,https://www.suchajun.com/richang/xingzhengquhuadaima/520581,520500
2,铜仁市,520600,https://www.suchajun.com/richang/xingzhengquhuadaima/520600,520000
3,碧江区,520602,https://www.suchajun.com/richang/xingzhengquhuadaima/520602,520600
3,万山区,520603,https://www.suchajun.com/richang/xingzhengquhuadaima/520603,520600
3,江口县,520621,https://www.suchajun.com/richang/xingzhengquhuadaima/520621,520600
3,玉屏侗族自治县,520622,https://www.suchajun.com/richang/xingzhengquhuadaima/520622,520600
3,石阡县,520623,https://www.suchajun.com/richang/xingzhengquhuadaima/520623,520600
3,思南县,520624,https://www.suchajun.com/richang/xingzhengquhuadaima/520624,520600
3,印江土家族苗族自治县,520625,https://www.suchajun.com/richang/xingzhengquhuadaima/520625,520600
3,德江县,520626,https://www.suchajun.com/richang/xingzhengquhuadaima/520626,520600
3,沿河土家族自治县,520627,https://www.suchajun.com/richang/xingzhengquhuadaima/520627,520600
3,松桃苗族自治县,520628,https://www.suchajun.com/richang/xingzhengquhuadaima/520628,520600
2,黔西南布依族苗族自治州,522300,https://www.suchajun.com/richang/xingzhengquhuadaima/522300,520000
3,兴义市,522301,https://www.suchajun.com/richang/xingzhengquhuadaima/522301,522300
3,兴仁市,522302,https://www.suchajun.com/richang/xingzhengquhuadaima/522302,522300
3,普安县,522323,https://www.suchajun.com/richang/xingzhengquhuadaima/522323,522300
3,睛隆县,522324,https://www.suchajun.com/richang/xingzhengquhuadaima/522324,522300
3,贞丰县,522325,https://www.suchajun.com/richang/xingzhengquhuadaima/522325,522300
3,望谟县,522326,https://www.suchajun.com/richang/xingzhengquhuadaima/522326,522300
3,册亨县,522327,https://www.suchajun.com/richang/xingzhengquhuadaima/522327,522300
3,安龙县,522328,https://www.suchajun.com/richang/xingzhengquhuadaima/522328,522300
2,黔东南苗族侗族自治州,522600,https://www.suchajun.com/richang/xingzhengquhuadaima/522600,520000
3,凯里市,522601,https://www.suchajun.com/richang/xingzhengquhuadaima/522601,522600
3,黄平县,522622,https://www.suchajun.com/richang/xingzhengquhuadaima/522622,522600
3,施秉县,522623,https://www.suchajun.com/richang/xingzhengquhuadaima/522623,522600
3,三穗县,522624,https://www.suchajun.com/richang/xingzhengquhuadaima/522624,522600
3,镇远县,522625,https://www.suchajun.com/richang/xingzhengquhuadaima/522625,522600
3,岑巩县,522626,https://www.suchajun.com/richang/xingzhengquhuadaima/522626,522600
3,天柱县,522627,https://www.suchajun.com/richang/xingzhengquhuadaima/522627,522600
3,锦屏县,522628,https://www.suchajun.com/richang/xingzhengquhuadaima/522628,522600
3,剑河县,522629,https://www.suchajun.com/richang/xingzhengquhuadaima/522629,522600
3,台江县,522630,https://www.suchajun.com/richang/xingzhengquhuadaima/522630,522600
3,黎平县,522631,https://www.suchajun.com/richang/xingzhengquhuadaima/522631,522600
3,榕江县,522632,https://www.suchajun.com/richang/xingzhengquhuadaima/522632,522600
3,从江县,522633,https://www.suchajun.com/richang/xingzhengquhuadaima/522633,522600
3,雷山县,522634,https://www.suchajun.com/richang/xingzhengquhuadaima/522634,522600
3,麻江县,522635,https://www.suchajun.com/richang/xingzhengquhuadaima/522635,522600
3,丹寨县,522636,https://www.suchajun.com/richang/xingzhengquhuadaima/522636,522600
2,黔南布衣族苗族自治州,522700,https://www.suchajun.com/richang/xingzhengquhuadaima/522700,520000
3,都匀市,522701,https://www.suchajun.com/richang/xingzhengquhuadaima/522701,522700
3,福泉市,522702,https://www.suchajun.com/richang/xingzhengquhuadaima/522702,522700
3,荔波县,522722,https://www.suchajun.com/richang/xingzhengquhuadaima/522722,522700
3,贵定县,522723,https://www.suchajun.com/richang/xingzhengquhuadaima/522723,522700
3,瓮安县,522725,https://www.suchajun.com/richang/xingzhengquhuadaima/522725,522700
3,独山县,522726,https://www.suchajun.com/richang/xingzhengquhuadaima/522726,522700
3,平塘县,522727,https://www.suchajun.com/richang/xingzhengquhuadaima/522727,522700
3,罗甸县,522728,https://www.suchajun.com/richang/xingzhengquhuadaima/522728,522700
3,长顺县,522729,https://www.suchajun.com/richang/xingzhengquhuadaima/522729,522700
3,龙里县,522730,https://www.suchajun.com/richang/xingzhengquhuadaima/522730,522700
3,惠水县,522731,https://www.suchajun.com/richang/xingzhengquhuadaima/522731,522700
3,三都水族自治县,522732,https://www.suchajun.com/richang/xingzhengquhuadaima/522732,522700
1,云南省,530000,https://www.suchajun.com/richang/xingzhengquhuadaima/530000,
2,昆明市,530100,https://www.suchajun.com/richang/xingzhengquhuadaima/530100,530000
3,五华区,530102,https://www.suchajun.com/richang/xingzhengquhuadaima/530102,530100
3,盘龙区,530103,https://www.suchajun.com/richang/xingzhengquhuadaima/530103,530100
3,官渡区,530111,https://www.suchajun.com/richang/xingzhengquhuadaima/530111,530100
3,西山区,530112,https://www.suchajun.com/richang/xingzhengquhuadaima/530112,530100
3,东川区,530113,https://www.suchajun.com/richang/xingzhengquhuadaima/530113,530100
3,呈贡区,530114,https://www.suchajun.com/richang/xingzhengquhuadaima/530114,530100
3,晋宁区,530115,https://www.suchajun.com/richang/xingzhengquhuadaima/530115,530100
3,富民县,530124,https://www.suchajun.com/richang/xingzhengquhuadaima/530124,530100
3,宜良县,530125,https://www.suchajun.com/richang/xingzhengquhuadaima/530125,530100
3,石林彝族自治县,530126,https://www.suchajun.com/richang/xingzhengquhuadaima/530126,530100
3,嵩明县,530127,https://www.suchajun.com/richang/xingzhengquhuadaima/530127,530100
3,禄劝彝族苗族自治县,530128,https://www.suchajun.com/richang/xingzhengquhuadaima/530128,530100
3,寻甸回族彝族自治县,530129,https://www.suchajun.com/richang/xingzhengquhuadaima/530129,530100
3,安宁市,530181,https://www.suchajun.com/richang/xingzhengquhuadaima/530181,530100
2,曲靖市,530300,https://www.suchajun.com/richang/xingzhengquhuadaima/530300,530000
3,麒麟区,530302,https://www.suchajun.com/richang/xingzhengquhuadaima/530302,530300
3,沾益区,530303,https://www.suchajun.com/richang/xingzhengquhuadaima/530303,530300
3,马龙区,530304,https://www.suchajun.com/richang/xingzhengquhuadaima/530304,530300
3,陆良县,530322,https://www.suchajun.com/richang/xingzhengquhuadaima/530322,530300
3,师宗县,530323,https://www.suchajun.com/richang/xingzhengquhuadaima/530323,530300
3,罗平县,530324,https://www.suchajun.com/richang/xingzhengquhuadaima/530324,530300
3,富源县,530325,https://www.suchajun.com/richang/xingzhengquhuadaima/530325,530300
3,会泽县,530326,https://www.suchajun.com/richang/xingzhengquhuadaima/530326,530300
3,宣威市,530381,https://www.suchajun.com/richang/xingzhengquhuadaima/530381,530300
2,玉溪市,530400,https://www.suchajun.com/richang/xingzhengquhuadaima/530400,530000
3,红塔区,530402,https://www.suchajun.com/richang/xingzhengquhuadaima/530402,530400
3,江川区,530403,https://www.suchajun.com/richang/xingzhengquhuadaima/530403,530400
3,通海县,530423,https://www.suchajun.com/richang/xingzhengquhuadaima/530423,530400
3,华宁县,530424,https://www.suchajun.com/richang/xingzhengquhuadaima/530424,530400
3,易门县,530425,https://www.suchajun.com/richang/xingzhengquhuadaima/530425,530400
3,峨山彝族自治县,530426,https://www.suchajun.com/richang/xingzhengquhuadaima/530426,530400
3,新平彝族傣族自治县,530427,https://www.suchajun.com/richang/xingzhengquhuadaima/530427,530400
3,元江哈尼族彝族傣族自治县,530428,https://www.suchajun.com/richang/xingzhengquhuadaima/530428,530400
3,澄江市,530481,https://www.suchajun.com/richang/xingzhengquhuadaima/530481,530400
2,保山市,530500,https://www.suchajun.com/richang/xingzhengquhuadaima/530500,530000
3,隆阳区,530502,https://www.suchajun.com/richang/xingzhengquhuadaima/530502,530500
3,施甸县,530521,https://www.suchajun.com/richang/xingzhengquhuadaima/530521,530500
3,龙陵县,530523,https://www.suchajun.com/richang/xingzhengquhuadaima/530523,530500
3,昌宁县,530524,https://www.suchajun.com/richang/xingzhengquhuadaima/530524,530500
3,腾冲市,530581,https://www.suchajun.com/richang/xingzhengquhuadaima/530581,530500
2,昭通市,530600,https://www.suchajun.com/richang/xingzhengquhuadaima/530600,530000
3,昭阳区,530602,https://www.suchajun.com/richang/xingzhengquhuadaima/530602,530600
3,鲁甸县,530621,https://www.suchajun.com/richang/xingzhengquhuadaima/530621,530600
3,巧家县,530622,https://www.suchajun.com/richang/xingzhengquhuadaima/530622,530600
3,盐津县,530623,https://www.suchajun.com/richang/xingzhengquhuadaima/530623,530600
3,大关县,530624,https://www.suchajun.com/richang/xingzhengquhuadaima/530624,530600
3,永善县,530625,https://www.suchajun.com/richang/xingzhengquhuadaima/530625,530600
3,绥江县,530626,https://www.suchajun.com/richang/xingzhengquhuadaima/530626,530600
3,镇雄县,530627,https://www.suchajun.com/richang/xingzhengquhuadaima/530627,530600
3,彝良县,530628,https://www.suchajun.com/richang/xingzhengquhuadaima/530628,530600
3,威信县,530629,https://www.suchajun.com/richang/xingzhengquhuadaima/530629,530600
3,水富市,530681,https://www.suchajun.com/richang/xingzhengquhuadaima/530681,530600
2,丽江市,530700,https://www.suchajun.com/richang/xingzhengquhuadaima/530700,530000
3,古城区,530702,https://www.suchajun.com/richang/xingzhengquhuadaima/530702,530700
3,玉龙纳西族自治县,530721,https://www.suchajun.com/richang/xingzhengquhuadaima/530721,530700
3,永胜县,530722,https://www.suchajun.com/richang/xingzhengquhuadaima/530722,530700
3,华坪县,530723,https://www.suchajun.com/richang/xingzhengquhuadaima/530723,530700
3,宁蒗彝族自治县,530724,https://www.suchajun.com/richang/xingzhengquhuadaima/530724,530700
2,普洱市,530800,https://www.suchajun.com/richang/xingzhengquhuadaima/530800,530000
3,思茅区,530802,https://www.suchajun.com/richang/xingzhengquhuadaima/530802,530800
3,宁洱哈尼族彝族自治县,530821,https://www.suchajun.com/richang/xingzhengquhuadaima/530821,530800
3,墨江哈尼族自治县,530822,https://www.suchajun.com/richang/xingzhengquhuadaima/530822,530800
3,景东彝族自治县,530823,https://www.suchajun.com/richang/xingzhengquhuadaima/530823,530800
3,景谷傣族彝族自治县,530824,https://www.suchajun.com/richang/xingzhengquhuadaima/530824,530800
3,镇沅彝族哈尼族拉祜族自治县,530825,https://www.suchajun.com/richang/xingzhengquhuadaima/530825,530800
3,江城哈尼族彝族自治县,530826,https://www.suchajun.com/richang/xingzhengquhuadaima/530826,530800
3,孟连傣族拉祜族佤族自治县,530827,https://www.suchajun.com/richang/xingzhengquhuadaima/530827,530800
3,澜沧拉祜族自治县,530828,https://www.suchajun.com/richang/xingzhengquhuadaima/530828,530800
3,西盟佤族自治县,530829,https://www.suchajun.com/richang/xingzhengquhuadaima/530829,530800
2,临沧市,530900,https://www.suchajun.com/richang/xingzhengquhuadaima/530900,530000
3,临翔区,530902,https://www.suchajun.com/richang/xingzhengquhuadaima/530902,530900
3,凤庆县,530921,https://www.suchajun.com/richang/xingzhengquhuadaima/530921,530900
3,云县,530922,https://www.suchajun.com/richang/xingzhengquhuadaima/530922,530900
3,永德县,530923,https://www.suchajun.com/richang/xingzhengquhuadaima/530923,530900
3,镇康县,530924,https://www.suchajun.com/richang/xingzhengquhuadaima/530924,530900
3,双江拉祜族佤族布朗族傣族自治县,530925,https://www.suchajun.com/richang/xingzhengquhuadaima/530925,530900
3,耿马傣族佤族自治县,530926,https://www.suchajun.com/richang/xingzhengquhuadaima/530926,530900
3,沧源佤族自治县,530927,https://www.suchajun.com/richang/xingzhengquhuadaima/530927,530900
2,楚雄彝族自治州,532300,https://www.suchajun.com/richang/xingzhengquhuadaima/532300,530000
3,楚雄市,532301,https://www.suchajun.com/richang/xingzhengquhuadaima/532301,532300
3,禄丰市,532302,https://www.suchajun.com/richang/xingzhengquhuadaima/532302,532300
3,双柏县,532322,https://www.suchajun.com/richang/xingzhengquhuadaima/532322,532300
3,牟定县,532323,https://www.suchajun.com/richang/xingzhengquhuadaima/532323,532300
3,南华县,532324,https://www.suchajun.com/richang/xingzhengquhuadaima/532324,532300
3,姚安县,532325,https://www.suchajun.com/richang/xingzhengquhuadaima/532325,532300
3,大姚县,532326,https://www.suchajun.com/richang/xingzhengquhuadaima/532326,532300
3,永仁县,532327,https://www.suchajun.com/richang/xingzhengquhuadaima/532327,532300
3,元谋县,532328,https://www.suchajun.com/richang/xingzhengquhuadaima/532328,532300
3,武定县,532329,https://www.suchajun.com/richang/xingzhengquhuadaima/532329,532300
2,红河哈尼族彝族自治州,532500,https://www.suchajun.com/richang/xingzhengquhuadaima/532500,530000
3,个旧市,532501,https://www.suchajun.com/richang/xingzhengquhuadaima/532501,532500
3,开远市,532502,https://www.suchajun.com/richang/xingzhengquhuadaima/532502,532500
3,蒙自市,532503,https://www.suchajun.com/richang/xingzhengquhuadaima/532503,532500
3,弥勒市,532504,https://www.suchajun.com/richang/xingzhengquhuadaima/532504,532500
3,屏边苗族自治县,532523,https://www.suchajun.com/richang/xingzhengquhuadaima/532523,532500
3,建水县,532524,https://www.suchajun.com/richang/xingzhengquhuadaima/532524,532500
3,石屏县,532525,https://www.suchajun.com/richang/xingzhengquhuadaima/532525,532500
3,泸西县,532527,https://www.suchajun.com/richang/xingzhengquhuadaima/532527,532500
3,元阳县,532528,https://www.suchajun.com/richang/xingzhengquhuadaima/532528,532500
3,红河县,532529,https://www.suchajun.com/richang/xingzhengquhuadaima/532529,532500
3,金平苗族瑶族傣族自治县,532530,https://www.suchajun.com/richang/xingzhengquhuadaima/532530,532500
3,绿春县,532531,https://www.suchajun.com/richang/xingzhengquhuadaima/532531,532500
3,河口瑶族自治县,532532,https://www.suchajun.com/richang/xingzhengquhuadaima/532532,532500
2,文山壮族苗族自治州,532600,https://www.suchajun.com/richang/xingzhengquhuadaima/532600,530000
3,文山市,532601,https://www.suchajun.com/richang/xingzhengquhuadaima/532601,532600
3,砚山县,532622,https://www.suchajun.com/richang/xingzhengquhuadaima/532622,532600
3,西畴县,532623,https://www.suchajun.com/richang/xingzhengquhuadaima/532623,532600
3,麻栗坡县,532624,https://www.suchajun.com/richang/xingzhengquhuadaima/532624,532600
3,马关县,532625,https://www.suchajun.com/richang/xingzhengquhuadaima/532625,532600
3,丘北县,532626,https://www.suchajun.com/richang/xingzhengquhuadaima/532626,532600
3,广南县,532627,https://www.suchajun.com/richang/xingzhengquhuadaima/532627,532600
3,富宁县,532628,https://www.suchajun.com/richang/xingzhengquhuadaima/532628,532600
2,西双版纳傣族自治州,532800,https://www.suchajun.com/richang/xingzhengquhuadaima/532800,530000
3,景洪市,532801,https://www.suchajun.com/richang/xingzhengquhuadaima/532801,532800
3,勐海县,532822,https://www.suchajun.com/richang/xingzhengquhuadaima/532822,532800
3,勐腊县,532823,https://www.suchajun.com/richang/xingzhengquhuadaima/532823,532800
2,大理白族自治州,532900,https://www.suchajun.com/richang/xingzhengquhuadaima/532900,530000
3,大理市,532901,https://www.suchajun.com/richang/xingzhengquhuadaima/532901,532900
3,漾濞彝族自治县,532922,https://www.suchajun.com/richang/xingzhengquhuadaima/532922,532900
3,祥云县,532923,https://www.suchajun.com/richang/xingzhengquhuadaima/532923,532900
3,宾川县,532924,https://www.suchajun.com/richang/xingzhengquhuadaima/532924,532900
3,弥渡县,532925,https://www.suchajun.com/richang/xingzhengquhuadaima/532925,532900
3,南涧彝族自治县,532926,https://www.suchajun.com/richang/xingzhengquhuadaima/532926,532900
3,巍山彝族回族自治县,532927,https://www.suchajun.com/richang/xingzhengquhuadaima/532927,532900
3,永平县,532928,https://www.suchajun.com/richang/xingzhengquhuadaima/532928,532900
3,云龙县,532929,https://www.suchajun.com/richang/xingzhengquhuadaima/532929,532900
3,洱源县,532930,https://www.suchajun.com/richang/xingzhengquhuadaima/532930,532900
3,剑川县,532931,https://www.suchajun.com/richang/xingzhengquhuadaima/532931,532900
3,鹤庆县,532932,https://www.suchajun.com/richang/xingzhengquhuadaima/532932,532900
2,德宏傣族景颇族自治州,533100,https://www.suchajun.com/richang/xingzhengquhuadaima/533100,530000
3,瑞丽市,533102,https://www.suchajun.com/richang/xingzhengquhuadaima/533102,533100
3,芒市,533103,https://www.suchajun.com/richang/xingzhengquhuadaima/533103,533100
3,梁河县,533122,https://www.suchajun.com/richang/xingzhengquhuadaima/533122,533100
3,盈江县,533123,https://www.suchajun.com/richang/xingzhengquhuadaima/533123,533100
3,陇川县,533124,https://www.suchajun.com/richang/xingzhengquhuadaima/533124,533100
2,怒江傈傈族自治州,533300,https://www.suchajun.com/richang/xingzhengquhuadaima/533300,530000
3,泸水市,533301,https://www.suchajun.com/richang/xingzhengquhuadaima/533301,533300
3,福贡县,533323,https://www.suchajun.com/richang/xingzhengquhuadaima/533323,533300
3,贡山独龙族怒族自治县,533324,https://www.suchajun.com/richang/xingzhengquhuadaima/533324,533300
3,兰坪白族普米族自治县,533325,https://www.suchajun.com/richang/xingzhengquhuadaima/533325,533300
2,迪庆藏族自治州,533400,https://www.suchajun.com/richang/xingzhengquhuadaima/533400,530000
3,香格里拉市,533401,https://www.suchajun.com/richang/xingzhengquhuadaima/533401,533400
3,德钦县,533422,https://www.suchajun.com/richang/xingzhengquhuadaima/533422,533400
3,维西傈僳族自治县,533423,https://www.suchajun.com/richang/xingzhengquhuadaima/533423,533400
1,西藏自治区,540000,https://www.suchajun.com/richang/xingzhengquhuadaima/540000,
2,拉萨市,540100,https://www.suchajun.com/richang/xingzhengquhuadaima/540100,540000
3,城关区,540102,https://www.suchajun.com/richang/xingzhengquhuadaima/540102,540100
3,堆龙德庆区,540103,https://www.suchajun.com/richang/xingzhengquhuadaima/540103,540100
3,达孜区,540104,https://www.suchajun.com/richang/xingzhengquhuadaima/540104,540100
3,林周县,540121,https://www.suchajun.com/richang/xingzhengquhuadaima/540121,540100
3,当雄县,540122,https://www.suchajun.com/richang/xingzhengquhuadaima/540122,540100
3,尼木县,540123,https://www.suchajun.com/richang/xingzhengquhuadaima/540123,540100
3,曲水县,540124,https://www.suchajun.com/richang/xingzhengquhuadaima/540124,540100
3,墨竹工卡县,540127,https://www.suchajun.com/richang/xingzhengquhuadaima/540127,540100
2,日喀则市,540200,https://www.suchajun.com/richang/xingzhengquhuadaima/540200,540000
3,桑珠孜区,540202,https://www.suchajun.com/richang/xingzhengquhuadaima/540202,540200
3,南木林县,540221,https://www.suchajun.com/richang/xingzhengquhuadaima/540221,540200
3,江孜县,540222,https://www.suchajun.com/richang/xingzhengquhuadaima/540222,540200
3,定日县,540223,https://www.suchajun.com/richang/xingzhengquhuadaima/540223,540200
3,萨迦县,540224,https://www.suchajun.com/richang/xingzhengquhuadaima/540224,540200
3,拉孜县,540225,https://www.suchajun.com/richang/xingzhengquhuadaima/540225,540200
3,昂仁县,540226,https://www.suchajun.com/richang/xingzhengquhuadaima/540226,540200
3,谢通门县,540227,https://www.suchajun.com/richang/xingzhengquhuadaima/540227,540200
3,白朗县,540228,https://www.suchajun.com/richang/xingzhengquhuadaima/540228,540200
3,仁布县,540229,https://www.suchajun.com/richang/xingzhengquhuadaima/540229,540200
3,康马县,540230,https://www.suchajun.com/richang/xingzhengquhuadaima/540230,540200
3,定结县,540231,https://www.suchajun.com/richang/xingzhengquhuadaima/540231,540200
3,仲巴县,540232,https://www.suchajun.com/richang/xingzhengquhuadaima/540232,540200
3,亚东县,540233,https://www.suchajun.com/richang/xingzhengquhuadaima/540233,540200
3,吉隆县,540234,https://www.suchajun.com/richang/xingzhengquhuadaima/540234,540200
3,聂拉木县,540235,https://www.suchajun.com/richang/xingzhengquhuadaima/540235,540200
3,萨嘎县,540236,https://www.suchajun.com/richang/xingzhengquhuadaima/540236,540200
3,岗巴县,540237,https://www.suchajun.com/richang/xingzhengquhuadaima/540237,540200
2,昌都市,540300,https://www.suchajun.com/richang/xingzhengquhuadaima/540300,540000
3,卡若区,540302,https://www.suchajun.com/richang/xingzhengquhuadaima/540302,540300
3,江达县,540321,https://www.suchajun.com/richang/xingzhengquhuadaima/540321,540300
3,贡觉县,540322,https://www.suchajun.com/richang/xingzhengquhuadaima/540322,540300
3,类乌齐县,540323,https://www.suchajun.com/richang/xingzhengquhuadaima/540323,540300
3,丁青县,540324,https://www.suchajun.com/richang/xingzhengquhuadaima/540324,540300
3,察雅县,540325,https://www.suchajun.com/richang/xingzhengquhuadaima/540325,540300
3,八宿县,540326,https://www.suchajun.com/richang/xingzhengquhuadaima/540326,540300
3,左贡县,540327,https://www.suchajun.com/richang/xingzhengquhuadaima/540327,540300
3,芒康县,540328,https://www.suchajun.com/richang/xingzhengquhuadaima/540328,540300
3,洛隆县,540329,https://www.suchajun.com/richang/xingzhengquhuadaima/540329,540300
3,边坝县,540330,https://www.suchajun.com/richang/xingzhengquhuadaima/540330,540300
2,林芝市,540400,https://www.suchajun.com/richang/xingzhengquhuadaima/540400,540000
3,巴宜区,540402,https://www.suchajun.com/richang/xingzhengquhuadaima/540402,540400
3,工布江达县,540421,https://www.suchajun.com/richang/xingzhengquhuadaima/540421,540400
3,墨脱县,540423,https://www.suchajun.com/richang/xingzhengquhuadaima/540423,540400
3,波密县,540424,https://www.suchajun.com/richang/xingzhengquhuadaima/540424,540400
3,察隅县,540425,https://www.suchajun.com/richang/xingzhengquhuadaima/540425,540400
3,朗县,540426,https://www.suchajun.com/richang/xingzhengquhuadaima/540426,540400
3,米林市,540481,https://www.suchajun.com/richang/xingzhengquhuadaima/540481,540400
2,山南市,540500,https://www.suchajun.com/richang/xingzhengquhuadaima/540500,540000
3,乃东区,540502,https://www.suchajun.com/richang/xingzhengquhuadaima/540502,540500
3,扎囊县,540521,https://www.suchajun.com/richang/xingzhengquhuadaima/540521,540500
3,贡嘎县,540522,https://www.suchajun.com/richang/xingzhengquhuadaima/540522,540500
3,桑日县,540523,https://www.suchajun.com/richang/xingzhengquhuadaima/540523,540500
3,琼结县,540524,https://www.suchajun.com/richang/xingzhengquhuadaima/540524,540500
3,曲松县,540525,https://www.suchajun.com/richang/xingzhengquhuadaima/540525,540500
3,措美县,540526,https://www.suchajun.com/richang/xingzhengquhuadaima/540526,540500
3,洛扎县,540527,https://www.suchajun.com/richang/xingzhengquhuadaima/540527,540500
3,加查县,540528,https://www.suchajun.com/richang/xingzhengquhuadaima/540528,540500
3,隆子县,540529,https://www.suchajun.com/richang/xingzhengquhuadaima/540529,540500
3,浪卡子县,540531,https://www.suchajun.com/richang/xingzhengquhuadaima/540531,540500
3,错那市,540581,https://www.suchajun.com/richang/xingzhengquhuadaima/540581,540500
2,那曲市,540600,https://www.suchajun.com/richang/xingzhengquhuadaima/540600,540000
3,色尼区,540602,https://www.suchajun.com/richang/xingzhengquhuadaima/540602,540600
3,嘉黎县,540621,https://www.suchajun.com/richang/xingzhengquhuadaima/540621,540600
3,比如县,540622,https://www.suchajun.com/richang/xingzhengquhuadaima/540622,540600
3,聂荣县,540623,https://www.suchajun.com/richang/xingzhengquhuadaima/540623,540600
3,安多县,540624,https://www.suchajun.com/richang/xingzhengquhuadaima/540624,540600
3,申扎县,540625,https://www.suchajun.com/richang/xingzhengquhuadaima/540625,540600
3,索县,540626,https://www.suchajun.com/richang/xingzhengquhuadaima/540626,540600
3,班戈县,540627,https://www.suchajun.com/richang/xingzhengquhuadaima/540627,540600
3,巴青县,540628,https://www.suchajun.com/richang/xingzhengquhuadaima/540628,540600
3,尼玛县,540629,https://www.suchajun.com/richang/xingzhengquhuadaima/540629,540600
3,双湖县,540630,https://www.suchajun.com/richang/xingzhengquhuadaima/540630,540600
2,阿里地区,542500,https://www.suchajun.com/richang/xingzhengquhuadaima/542500,540000
3,普兰县,542521,https://www.suchajun.com/richang/xingzhengquhuadaima/542521,542500
3,札达县,542522,https://www.suchajun.com/richang/xingzhengquhuadaima/542522,542500
3,噶尔县,542523,https://www.suchajun.com/richang/xingzhengquhuadaima/542523,542500
3,日土县,542524,https://www.suchajun.com/richang/xingzhengquhuadaima/542524,542500
3,革吉县,542525,https://www.suchajun.com/richang/xingzhengquhuadaima/542525,542500
3,改则县,542526,https://www.suchajun.com/richang/xingzhengquhuadaima/542526,542500
3,措勒县,542527,https://www.suchajun.com/richang/xingzhengquhuadaima/542527,542500
1,陕西省,610000,https://www.suchajun.com/richang/xingzhengquhuadaima/610000,
2,西安市,610100,https://www.suchajun.com/richang/xingzhengquhuadaima/610100,610000
3,新城区,610102,https://www.suchajun.com/richang/xingzhengquhuadaima/610102,610100
3,碑林区,610103,https://www.suchajun.com/richang/xingzhengquhuadaima/610103,610100
3,莲湖区,610104,https://www.suchajun.com/richang/xingzhengquhuadaima/610104,610100
3,灞桥区,610111,https://www.suchajun.com/richang/xingzhengquhuadaima/610111,610100
3,未央区,610112,https://www.suchajun.com/richang/xingzhengquhuadaima/610112,610100
3,雁塔区,610113,https://www.suchajun.com/richang/xingzhengquhuadaima/610113,610100
3,阎良区,610114,https://www.suchajun.com/richang/xingzhengquhuadaima/610114,610100
3,临潼区,610115,https://www.suchajun.com/richang/xingzhengquhuadaima/610115,610100
3,长安区,610116,https://www.suchajun.com/richang/xingzhengquhuadaima/610116,610100
3,高陵区,610117,https://www.suchajun.com/richang/xingzhengquhuadaima/610117,610100
3,鄠邑区,610118,https://www.suchajun.com/richang/xingzhengquhuadaima/610118,610100
3,蓝田县,610122,https://www.suchajun.com/richang/xingzhengquhuadaima/610122,610100
3,周至县,610124,https://www.suchajun.com/richang/xingzhengquhuadaima/610124,610100
2,铜川市,610200,https://www.suchajun.com/richang/xingzhengquhuadaima/610200,610000
3,王益区,610202,https://www.suchajun.com/richang/xingzhengquhuadaima/610202,610200
3,印台区,610203,https://www.suchajun.com/richang/xingzhengquhuadaima/610203,610200
3,耀州区,610204,https://www.suchajun.com/richang/xingzhengquhuadaima/610204,610200
3,宜君县,610222,https://www.suchajun.com/richang/xingzhengquhuadaima/610222,610200
2,宝鸡市,610300,https://www.suchajun.com/richang/xingzhengquhuadaima/610300,610000
3,渭滨区,610302,https://www.suchajun.com/richang/xingzhengquhuadaima/610302,610300
3,金台区,610303,https://www.suchajun.com/richang/xingzhengquhuadaima/610303,610300
3,陈仓区,610304,https://www.suchajun.com/richang/xingzhengquhuadaima/610304,610300
3,凤翔区,610305,https://www.suchajun.com/richang/xingzhengquhuadaima/610305,610300
3,岐山县,610323,https://www.suchajun.com/richang/xingzhengquhuadaima/610323,610300
3,扶风县,610324,https://www.suchajun.com/richang/xingzhengquhuadaima/610324,610300
3,眉县,610326,https://www.suchajun.com/richang/xingzhengquhuadaima/610326,610300
3,陇县,610327,https://www.suchajun.com/richang/xingzhengquhuadaima/610327,610300
3,千阳县,610328,https://www.suchajun.com/richang/xingzhengquhuadaima/610328,610300
3,麟游县,610329,https://www.suchajun.com/richang/xingzhengquhuadaima/610329,610300
3,凤县,610330,https://www.suchajun.com/richang/xingzhengquhuadaima/610330,610300
3,太白县,610331,https://www.suchajun.com/richang/xingzhengquhuadaima/610331,610300
2,咸阳市,610400,https://www.suchajun.com/richang/xingzhengquhuadaima/610400,610000
3,秦都区,610402,https://www.suchajun.com/richang/xingzhengquhuadaima/610402,610400
3,杨陵区,610403,https://www.suchajun.com/richang/xingzhengquhuadaima/610403,610400
3,渭城区,610404,https://www.suchajun.com/richang/xingzhengquhuadaima/610404,610400
3,三原县,610422,https://www.suchajun.com/richang/xingzhengquhuadaima/610422,610400
3,泾阳县,610423,https://www.suchajun.com/richang/xingzhengquhuadaima/610423,610400
3,乾县,610424,https://www.suchajun.com/richang/xingzhengquhuadaima/610424,610400
3,礼泉县,610425,https://www.suchajun.com/richang/xingzhengquhuadaima/610425,610400
3,永寿县,610426,https://www.suchajun.com/richang/xingzhengquhuadaima/610426,610400
3,长武县,610428,https://www.suchajun.com/richang/xingzhengquhuadaima/610428,610400
3,旬邑县,610429,https://www.suchajun.com/richang/xingzhengquhuadaima/610429,610400
3,淳化县,610430,https://www.suchajun.com/richang/xingzhengquhuadaima/610430,610400
3,武功县,610431,https://www.suchajun.com/richang/xingzhengquhuadaima/610431,610400
3,兴平市,610481,https://www.suchajun.com/richang/xingzhengquhuadaima/610481,610400
3,彬州市,610482,https://www.suchajun.com/richang/xingzhengquhuadaima/610482,610400
2,渭南市,610500,https://www.suchajun.com/richang/xingzhengquhuadaima/610500,610000
3,临渭区,610502,https://www.suchajun.com/richang/xingzhengquhuadaima/610502,610500
3,华州区,610503,https://www.suchajun.com/richang/xingzhengquhuadaima/610503,610500
3,潼关县,610522,https://www.suchajun.com/richang/xingzhengquhuadaima/610522,610500
3,大荔县,610523,https://www.suchajun.com/richang/xingzhengquhuadaima/610523,610500
3,合阳县,610524,https://www.suchajun.com/richang/xingzhengquhuadaima/610524,610500
3,澄城县,610525,https://www.suchajun.com/richang/xingzhengquhuadaima/610525,610500
3,蒲城县,610526,https://www.suchajun.com/richang/xingzhengquhuadaima/610526,610500
3,白水县,610527,https://www.suchajun.com/richang/xingzhengquhuadaima/610527,610500
3,富平县,610528,https://www.suchajun.com/richang/xingzhengquhuadaima/610528,610500
3,韩城市,610581,https://www.suchajun.com/richang/xingzhengquhuadaima/610581,610500
3,华阴市,610582,https://www.suchajun.com/richang/xingzhengquhuadaima/610582,610500
2,延安市,610600,https://www.suchajun.com/richang/xingzhengquhuadaima/610600,610000
3,宝塔区,610602,https://www.suchajun.com/richang/xingzhengquhuadaima/610602,610600
3,安塞区,610603,https://www.suchajun.com/richang/xingzhengquhuadaima/610603,610600
3,延长县,610621,https://www.suchajun.com/richang/xingzhengquhuadaima/610621,610600
3,延川县,610622,https://www.suchajun.com/richang/xingzhengquhuadaima/610622,610600
3,志丹县,610625,https://www.suchajun.com/richang/xingzhengquhuadaima/610625,610600
3,吴起县,610626,https://www.suchajun.com/richang/xingzhengquhuadaima/610626,610600
3,甘泉县,610627,https://www.suchajun.com/richang/xingzhengquhuadaima/610627,610600
3,富县,610628,https://www.suchajun.com/richang/xingzhengquhuadaima/610628,610600
3,洛川县,610629,https://www.suchajun.com/richang/xingzhengquhuadaima/610629,610600
3,宜川县,610630,https://www.suchajun.com/richang/xingzhengquhuadaima/610630,610600
3,黄龙县,610631,https://www.suchajun.com/richang/xingzhengquhuadaima/610631,610600
3,黄陵县,610632,https://www.suchajun.com/richang/xingzhengquhuadaima/610632,610600
3,子长市,610681,https://www.suchajun.com/richang/xingzhengquhuadaima/610681,610600
2,汉中市,610700,https://www.suchajun.com/richang/xingzhengquhuadaima/610700,610000
3,汉台区,610702,https://www.suchajun.com/richang/xingzhengquhuadaima/610702,610700
3,南郑区,610703,https://www.suchajun.com/richang/xingzhengquhuadaima/610703,610700
3,城固县,610722,https://www.suchajun.com/richang/xingzhengquhuadaima/610722,610700
3,洋县,610723,https://www.suchajun.com/richang/xingzhengquhuadaima/610723,610700
3,西乡县,610724,https://www.suchajun.com/richang/xingzhengquhuadaima/610724,610700
3,勉县,610725,https://www.suchajun.com/richang/xingzhengquhuadaima/610725,610700
3,宁强县,610726,https://www.suchajun.com/richang/xingzhengquhuadaima/610726,610700
3,略阳县,610727,https://www.suchajun.com/richang/xingzhengquhuadaima/610727,610700
3,镇巴县,610728,https://www.suchajun.com/richang/xingzhengquhuadaima/610728,610700
3,留坝县,610729,https://www.suchajun.com/richang/xingzhengquhuadaima/610729,610700
3,佛坪县,610730,https://www.suchajun.com/richang/xingzhengquhuadaima/610730,610700
2,榆林市,610800,https://www.suchajun.com/richang/xingzhengquhuadaima/610800,610000
3,榆阳区,610802,https://www.suchajun.com/richang/xingzhengquhuadaima/610802,610800
3,横山区,610803,https://www.suchajun.com/richang/xingzhengquhuadaima/610803,610800
3,府谷县,610822,https://www.suchajun.com/richang/xingzhengquhuadaima/610822,610800
3,靖边县,610824,https://www.suchajun.com/richang/xingzhengquhuadaima/610824,610800
3,定边县,610825,https://www.suchajun.com/richang/xingzhengquhuadaima/610825,610800
3,绥德县,610826,https://www.suchajun.com/richang/xingzhengquhuadaima/610826,610800
3,米脂县,610827,https://www.suchajun.com/richang/xingzhengquhuadaima/610827,610800
3,佳县,610828,https://www.suchajun.com/richang/xingzhengquhuadaima/610828,610800
3,吴堡县,610829,https://www.suchajun.com/richang/xingzhengquhuadaima/610829,610800
3,清涧县,610830,https://www.suchajun.com/richang/xingzhengquhuadaima/610830,610800
3,子洲县,610831,https://www.suchajun.com/richang/xingzhengquhuadaima/610831,610800
3,神木市,610881,https://www.suchajun.com/richang/xingzhengquhuadaima/610881,610800
2,安康市,610900,https://www.suchajun.com/richang/xingzhengquhuadaima/610900,610000
3,汉滨区,610902,https://www.suchajun.com/richang/xingzhengquhuadaima/610902,610900
3,汉阴县,610921,https://www.suchajun.com/richang/xingzhengquhuadaima/610921,610900
3,石泉县,610922,https://www.suchajun.com/richang/xingzhengquhuadaima/610922,610900
3,宁陕县,610923,https://www.suchajun.com/richang/xingzhengquhuadaima/610923,610900
3,紫阳县,610924,https://www.suchajun.com/richang/xingzhengquhuadaima/610924,610900
3,岚皋县,610925,https://www.suchajun.com/richang/xingzhengquhuadaima/610925,610900
3,平利县,610926,https://www.suchajun.com/richang/xingzhengquhuadaima/610926,610900
3,镇坪县,610927,https://www.suchajun.com/richang/xingzhengquhuadaima/610927,610900
3,白河县,610929,https://www.suchajun.com/richang/xingzhengquhuadaima/610929,610900
3,旬阳市,610981,https://www.suchajun.com/richang/xingzhengquhuadaima/610981,610900
2,商洛市,611000,https://www.suchajun.com/richang/xingzhengquhuadaima/611000,610000
3,商州区,611002,https://www.suchajun.com/richang/xingzhengquhuadaima/611002,611000
3,洛南县,611021,https://www.suchajun.com/richang/xingzhengquhuadaima/611021,611000
3,丹凤县,611022,https://www.suchajun.com/richang/xingzhengquhuadaima/611022,611000
3,商南县,611023,https://www.suchajun.com/richang/xingzhengquhuadaima/611023,611000
3,山阳县,611024,https://www.suchajun.com/richang/xingzhengquhuadaima/611024,611000
3,镇安县,611025,https://www.suchajun.com/richang/xingzhengquhuadaima/611025,611000
3,柞水县,611026,https://www.suchajun.com/richang/xingzhengquhuadaima/611026,611000
1,甘肃省,620000,https://www.suchajun.com/richang/xingzhengquhuadaima/620000,
2,兰州市,620100,https://www.suchajun.com/richang/xingzhengquhuadaima/620100,620000
3,城关区,620102,https://www.suchajun.com/richang/xingzhengquhuadaima/620102,620100
3,七里河区,620103,https://www.suchajun.com/richang/xingzhengquhuadaima/620103,620100
3,西固区,620104,https://www.suchajun.com/richang/xingzhengquhuadaima/620104,620100
3,安宁区,620105,https://www.suchajun.com/richang/xingzhengquhuadaima/620105,620100
3,红古区,620111,https://www.suchajun.com/richang/xingzhengquhuadaima/620111,620100
3,永登县,620121,https://www.suchajun.com/richang/xingzhengquhuadaima/620121,620100
3,皋兰县,620122,https://www.suchajun.com/richang/xingzhengquhuadaima/620122,620100
3,榆中县,620123,https://www.suchajun.com/richang/xingzhengquhuadaima/620123,620100
2,嘉峪关市,620200,https://www.suchajun.com/richang/xingzhengquhuadaima/620200,620000
2,金昌市,620300,https://www.suchajun.com/richang/xingzhengquhuadaima/620300,620000
3,金川区,620302,https://www.suchajun.com/richang/xingzhengquhuadaima/620302,620300
3,永昌县,620321,https://www.suchajun.com/richang/xingzhengquhuadaima/620321,620300
2,白银市,620400,https://www.suchajun.com/richang/xingzhengquhuadaima/620400,620000
3,白银区,620402,https://www.suchajun.com/richang/xingzhengquhuadaima/620402,620400
3,平川区,620403,https://www.suchajun.com/richang/xingzhengquhuadaima/620403,620400
3,靖远县,620421,https://www.suchajun.com/richang/xingzhengquhuadaima/620421,620400
3,会宁县,620422,https://www.suchajun.com/richang/xingzhengquhuadaima/620422,620400
3,景泰县,620423,https://www.suchajun.com/richang/xingzhengquhuadaima/620423,620400
2,天水市,620500,https://www.suchajun.com/richang/xingzhengquhuadaima/620500,620000
3,秦州区,620502,https://www.suchajun.com/richang/xingzhengquhuadaima/620502,620500
3,麦积区,620503,https://www.suchajun.com/richang/xingzhengquhuadaima/620503,620500
3,清水县,620521,https://www.suchajun.com/richang/xingzhengquhuadaima/620521,620500
3,秦安县,620522,https://www.suchajun.com/richang/xingzhengquhuadaima/620522,620500
3,甘谷县,620523,https://www.suchajun.com/richang/xingzhengquhuadaima/620523,620500
3,武山县,620524,https://www.suchajun.com/richang/xingzhengquhuadaima/620524,620500
3,张家川回族自治县,620525,https://www.suchajun.com/richang/xingzhengquhuadaima/620525,620500
2,武威市,620600,https://www.suchajun.com/richang/xingzhengquhuadaima/620600,620000
3,凉州区,620602,https://www.suchajun.com/richang/xingzhengquhuadaima/620602,620600
3,民勤县,620621,https://www.suchajun.com/richang/xingzhengquhuadaima/620621,620600
3,古浪县,620622,https://www.suchajun.com/richang/xingzhengquhuadaima/620622,620600
3,天祝藏族自治县,620623,https://www.suchajun.com/richang/xingzhengquhuadaima/620623,620600
2,张掖市,620700,https://www.suchajun.com/richang/xingzhengquhuadaima/620700,620000
3,甘州区,620702,https://www.suchajun.com/richang/xingzhengquhuadaima/620702,620700
3,肃南裕固族自治县,620721,https://www.suchajun.com/richang/xingzhengquhuadaima/620721,620700
3,民乐县,620722,https://www.suchajun.com/richang/xingzhengquhuadaima/620722,620700
3,临泽县,620723,https://www.suchajun.com/richang/xingzhengquhuadaima/620723,620700
3,高台县,620724,https://www.suchajun.com/richang/xingzhengquhuadaima/620724,620700
3,山丹县,620725,https://www.suchajun.com/richang/xingzhengquhuadaima/620725,620700
2,平凉市,620800,https://www.suchajun.com/richang/xingzhengquhuadaima/620800,620000
3,崆峒区,620802,https://www.suchajun.com/richang/xingzhengquhuadaima/620802,620800
3,泾川县,620821,https://www.suchajun.com/richang/xingzhengquhuadaima/620821,620800
3,灵台县,620822,https://www.suchajun.com/richang/xingzhengquhuadaima/620822,620800
3,崇信县,620823,https://www.suchajun.com/richang/xingzhengquhuadaima/620823,620800
3,庄浪县,620825,https://www.suchajun.com/richang/xingzhengquhuadaima/620825,620800
3,静宁县,620826,https://www.suchajun.com/richang/xingzhengquhuadaima/620826,620800
3,华亭市,620881,https://www.suchajun.com/richang/xingzhengquhuadaima/620881,620800
2,酒泉市,620900,https://www.suchajun.com/richang/xingzhengquhuadaima/620900,620000
3,肃州区,620902,https://www.suchajun.com/richang/xingzhengquhuadaima/620902,620900
3,金塔县,620921,https://www.suchajun.com/richang/xingzhengquhuadaima/620921,620900
3,瓜州县,620922,https://www.suchajun.com/richang/xingzhengquhuadaima/620922,620900
3,肃北蒙古族自治县,620923,https://www.suchajun.com/richang/xingzhengquhuadaima/620923,620900
3,阿克塞哈萨克族自治县,620924,https://www.suchajun.com/richang/xingzhengquhuadaima/620924,620900
3,玉门市,620981,https://www.suchajun.com/richang/xingzhengquhuadaima/620981,620900
3,敦煌市,620982,https://www.suchajun.com/richang/xingzhengquhuadaima/620982,620900
2,庆阳市,621000,https://www.suchajun.com/richang/xingzhengquhuadaima/621000,620000
3,西峰区,621002,https://www.suchajun.com/richang/xingzhengquhuadaima/621002,621000
3,庆城县,621021,https://www.suchajun.com/richang/xingzhengquhuadaima/621021,621000
3,环县,621022,https://www.suchajun.com/richang/xingzhengquhuadaima/621022,621000
3,华池县,621023,https://www.suchajun.com/richang/xingzhengquhuadaima/621023,621000
3,合水县,621024,https://www.suchajun.com/richang/xingzhengquhuadaima/621024,621000
3,正宁县,621025,https://www.suchajun.com/richang/xingzhengquhuadaima/621025,621000
3,宁县,621026,https://www.suchajun.com/richang/xingzhengquhuadaima/621026,621000
3,镇原县,621027,https://www.suchajun.com/richang/xingzhengquhuadaima/621027,621000
2,定西市,621100,https://www.suchajun.com/richang/xingzhengquhuadaima/621100,620000
3,安定区,621102,https://www.suchajun.com/richang/xingzhengquhuadaima/621102,621100
3,通渭县,621121,https://www.suchajun.com/richang/xingzhengquhuadaima/621121,621100
3,陇西县,621122,https://www.suchajun.com/richang/xingzhengquhuadaima/621122,621100
3,渭源县,621123,https://www.suchajun.com/richang/xingzhengquhuadaima/621123,621100
3,临洮县,621124,https://www.suchajun.com/richang/xingzhengquhuadaima/621124,621100
3,漳县,621125,https://www.suchajun.com/richang/xingzhengquhuadaima/621125,621100
3,岷县,621126,https://www.suchajun.com/richang/xingzhengquhuadaima/621126,621100
2,陇南市,621200,https://www.suchajun.com/richang/xingzhengquhuadaima/621200,620000
3,武都区,621202,https://www.suchajun.com/richang/xingzhengquhuadaima/621202,621200
3,成县,621221,https://www.suchajun.com/richang/xingzhengquhuadaima/621221,621200
3,文县,621222,https://www.suchajun.com/richang/xingzhengquhuadaima/621222,621200
3,宕昌县,621223,https://www.suchajun.com/richang/xingzhengquhuadaima/621223,621200
3,康县,621224,https://www.suchajun.com/richang/xingzhengquhuadaima/621224,621200
3,西和县,621225,https://www.suchajun.com/richang/xingzhengquhuadaima/621225,621200
3,礼县,621226,https://www.suchajun.com/richang/xingzhengquhuadaima/621226,621200
3,徽县,621227,https://www.suchajun.com/richang/xingzhengquhuadaima/621227,621200
3,两当县,621228,https://www.suchajun.com/richang/xingzhengquhuadaima/621228,621200
2,临夏回族自治州,622900,https://www.suchajun.com/richang/xingzhengquhuadaima/622900,620000
3,临夏市,622901,https://www.suchajun.com/richang/xingzhengquhuadaima/622901,622900
3,临夏县,622921,https://www.suchajun.com/richang/xingzhengquhuadaima/622921,622900
3,康乐县,622922,https://www.suchajun.com/richang/xingzhengquhuadaima/622922,622900
3,永靖县,622923,https://www.suchajun.com/richang/xingzhengquhuadaima/622923,622900
3,广河县,622924,https://www.suchajun.com/richang/xingzhengquhuadaima/622924,622900
3,和政县,622925,https://www.suchajun.com/richang/xingzhengquhuadaima/622925,622900
3,东乡族自治县,622926,https://www.suchajun.com/richang/xingzhengquhuadaima/622926,622900
3,积石山保安族东乡族撒拉族自治县,622927,https://www.suchajun.com/richang/xingzhengquhuadaima/622927,622900
2,甘南藏族自治州,623000,https://www.suchajun.com/richang/xingzhengquhuadaima/623000,620000
3,合作市,623001,https://www.suchajun.com/richang/xingzhengquhuadaima/623001,623000
3,临潭县,623021,https://www.suchajun.com/richang/xingzhengquhuadaima/623021,623000
3,卓尼县,623022,https://www.suchajun.com/richang/xingzhengquhuadaima/623022,623000
3,舟曲县,623023,https://www.suchajun.com/richang/xingzhengquhuadaima/623023,623000
3,迭部县,623024,https://www.suchajun.com/richang/xingzhengquhuadaima/623024,623000
3,玛曲县,623025,https://www.suchajun.com/richang/xingzhengquhuadaima/623025,623000
3,碌曲县,623026,https://www.suchajun.com/richang/xingzhengquhuadaima/623026,623000
3,夏河县,623027,https://www.suchajun.com/richang/xingzhengquhuadaima/623027,623000
1,青海省,630000,https://www.suchajun.com/richang/xingzhengquhuadaima/630000,
2,西宁市,630100,https://www.suchajun.com/richang/xingzhengquhuadaima/630100,630000
3,城东区,630102,https://www.suchajun.com/richang/xingzhengquhuadaima/630102,630100
3,城中区,630103,https://www.suchajun.com/richang/xingzhengquhuadaima/630103,630100
3,城西区,630104,https://www.suchajun.com/richang/xingzhengquhuadaima/630104,630100
3,城北区,630105,https://www.suchajun.com/richang/xingzhengquhuadaima/630105,630100
3,湟中区,630106,https://www.suchajun.com/richang/xingzhengquhuadaima/630106,630100
3,大通回族土族自治县,630121,https://www.suchajun.com/richang/xingzhengquhuadaima/630121,630100
3,湟源县,630123,https://www.suchajun.com/richang/xingzhengquhuadaima/630123,630100
2,海东市,630200,https://www.suchajun.com/richang/xingzhengquhuadaima/630200,630000
3,乐都区,630202,https://www.suchajun.com/richang/xingzhengquhuadaima/630202,630200
3,平安区,630203,https://www.suchajun.com/richang/xingzhengquhuadaima/630203,630200
3,民和回族土族自治县,630222,https://www.suchajun.com/richang/xingzhengquhuadaima/630222,630200
3,互助土族自治县,630223,https://www.suchajun.com/richang/xingzhengquhuadaima/630223,630200
3,化隆回族自治县,630224,https://www.suchajun.com/richang/xingzhengquhuadaima/630224,630200
3,循化撒拉族自治县,630225,https://www.suchajun.com/richang/xingzhengquhuadaima/630225,630200
2,海北藏族自治州,632200,https://www.suchajun.com/richang/xingzhengquhuadaima/632200,630000
3,门源回族自治县,632221,https://www.suchajun.com/richang/xingzhengquhuadaima/632221,632200
3,祁连县,632222,https://www.suchajun.com/richang/xingzhengquhuadaima/632222,632200
3,海晏县,632223,https://www.suchajun.com/richang/xingzhengquhuadaima/632223,632200
3,刚察县,632224,https://www.suchajun.com/richang/xingzhengquhuadaima/632224,632200
2,黄南藏族自治州,632300,https://www.suchajun.com/richang/xingzhengquhuadaima/632300,630000
3,同仁市,632301,https://www.suchajun.com/richang/xingzhengquhuadaima/632301,632300
3,尖扎县,632322,https://www.suchajun.com/richang/xingzhengquhuadaima/632322,632300
3,泽库县,632323,https://www.suchajun.com/richang/xingzhengquhuadaima/632323,632300
3,河南蒙古族自治县,632324,https://www.suchajun.com/richang/xingzhengquhuadaima/632324,632300
2,海南藏族自治州,632500,https://www.suchajun.com/richang/xingzhengquhuadaima/632500,630000
3,共和县,632521,https://www.suchajun.com/richang/xingzhengquhuadaima/632521,632500
3,同德县,632522,https://www.suchajun.com/richang/xingzhengquhuadaima/632522,632500
3,贵德县,632523,https://www.suchajun.com/richang/xingzhengquhuadaima/632523,632500
3,兴海县,632524,https://www.suchajun.com/richang/xingzhengquhuadaima/632524,632500
3,贵南县,632525,https://www.suchajun.com/richang/xingzhengquhuadaima/632525,632500
2,果洛藏族自治州,632600,https://www.suchajun.com/richang/xingzhengquhuadaima/632600,630000
3,玛沁县,632621,https://www.suchajun.com/richang/xingzhengquhuadaima/632621,632600
3,班玛县,632622,https://www.suchajun.com/richang/xingzhengquhuadaima/632622,632600
3,甘德县,632623,https://www.suchajun.com/richang/xingzhengquhuadaima/632623,632600
3,达日县,632624,https://www.suchajun.com/richang/xingzhengquhuadaima/632624,632600
3,久治县,632625,https://www.suchajun.com/richang/xingzhengquhuadaima/632625,632600
3,玛多县,632626,https://www.suchajun.com/richang/xingzhengquhuadaima/632626,632600
2,玉树藏族自治州,632700,https://www.suchajun.com/richang/xingzhengquhuadaima/632700,630000
3,玉树市,632701,https://www.suchajun.com/richang/xingzhengquhuadaima/632701,632700
3,杂多县,632722,https://www.suchajun.com/richang/xingzhengquhuadaima/632722,632700
3,称多县,632723,https://www.suchajun.com/richang/xingzhengquhuadaima/632723,632700
3,治多县,632724,https://www.suchajun.com/richang/xingzhengquhuadaima/632724,632700
3,囊谦县,632725,https://www.suchajun.com/richang/xingzhengquhuadaima/632725,632700
3,曲麻莱县,632726,https://www.suchajun.com/richang/xingzhengquhuadaima/632726,632700
2,海西蒙古族藏族自治州,632800,https://www.suchajun.com/richang/xingzhengquhuadaima/632800,630000
3,格尔木市,632801,https://www.suchajun.com/richang/xingzhengquhuadaima/632801,632800
3,德令哈市,632802,https://www.suchajun.com/richang/xingzhengquhuadaima/632802,632800
3,茫崖市,632803,https://www.suchajun.com/richang/xingzhengquhuadaima/632803,632800
3,乌兰县,632821,https://www.suchajun.com/richang/xingzhengquhuadaima/632821,632800
3,都兰县,632822,https://www.suchajun.com/richang/xingzhengquhuadaima/632822,632800
3,天峻县,632823,https://www.suchajun.com/richang/xingzhengquhuadaima/632823,632800
1,宁夏回族自治区,640000,https://www.suchajun.com/richang/xingzhengquhuadaima/640000,
2,银川市,640100,https://www.suchajun.com/richang/xingzhengquhuadaima/640100,640000
3,兴庆区,640104,https://www.suchajun.com/richang/xingzhengquhuadaima/640104,640100
3,西夏区,640105,https://www.suchajun.com/richang/xingzhengquhuadaima/640105,640100
3,金凤区,640106,https://www.suchajun.com/richang/xingzhengquhuadaima/640106,640100
3,永宁县,640121,https://www.suchajun.com/richang/xingzhengquhuadaima/640121,640100
3,贺兰县,640122,https://www.suchajun.com/richang/xingzhengquhuadaima/640122,640100
3,灵武市,640181,https://www.suchajun.com/richang/xingzhengquhuadaima/640181,640100
2,石嘴山市,640200,https://www.suchajun.com/richang/xingzhengquhuadaima/640200,640000
3,大武口区,640202,https://www.suchajun.com/richang/xingzhengquhuadaima/640202,640200
3,惠农区,640205,https://www.suchajun.com/richang/xingzhengquhuadaima/640205,640200
3,平罗县,640221,https://www.suchajun.com/richang/xingzhengquhuadaima/640221,640200
2,吴忠市,640300,https://www.suchajun.com/richang/xingzhengquhuadaima/640300,640000
3,利通区,640302,https://www.suchajun.com/richang/xingzhengquhuadaima/640302,640300
3,红寺堡区,640303,https://www.suchajun.com/richang/xingzhengquhuadaima/640303,640300
3,盐池县,640323,https://www.suchajun.com/richang/xingzhengquhuadaima/640323,640300
3,同心县,640324,https://www.suchajun.com/richang/xingzhengquhuadaima/640324,640300
3,青铜峡市,640381,https://www.suchajun.com/richang/xingzhengquhuadaima/640381,640300
2,固原市,640400,https://www.suchajun.com/richang/xingzhengquhuadaima/640400,640000
3,原州区,640402,https://www.suchajun.com/richang/xingzhengquhuadaima/640402,640400
3,西吉县,640422,https://www.suchajun.com/richang/xingzhengquhuadaima/640422,640400
3,隆德县,640423,https://www.suchajun.com/richang/xingzhengquhuadaima/640423,640400
3,泾源县,640424,https://www.suchajun.com/richang/xingzhengquhuadaima/640424,640400
3,彭阳县,640425,https://www.suchajun.com/richang/xingzhengquhuadaima/640425,640400
2,中卫市,640500,https://www.suchajun.com/richang/xingzhengquhuadaima/640500,640000
3,沙坡头区,640502,https://www.suchajun.com/richang/xingzhengquhuadaima/640502,640500
3,中宁县,640521,https://www.suchajun.com/richang/xingzhengquhuadaima/640521,640500
3,海原县,640522,https://www.suchajun.com/richang/xingzhengquhuadaima/640522,640500
1,新疆维吾尔自治区,650000,https://www.suchajun.com/richang/xingzhengquhuadaima/650000,
2,乌鲁木齐市,650100,https://www.suchajun.com/richang/xingzhengquhuadaima/650100,650000
3,天山区,650102,https://www.suchajun.com/richang/xingzhengquhuadaima/650102,650100
3,沙依巴克区,650103,https://www.suchajun.com/richang/xingzhengquhuadaima/650103,650100
3,新市区,650104,https://www.suchajun.com/richang/xingzhengquhuadaima/650104,650100
3,水磨沟区,650105,https://www.suchajun.com/richang/xingzhengquhuadaima/650105,650100
3,头屯河区,650106,https://www.suchajun.com/richang/xingzhengquhuadaima/650106,650100
3,达坂城区,650107,https://www.suchajun.com/richang/xingzhengquhuadaima/650107,650100
3,米东区,650109,https://www.suchajun.com/richang/xingzhengquhuadaima/650109,650100
3,乌鲁木齐县,650121,https://www.suchajun.com/richang/xingzhengquhuadaima/650121,650100
2,克拉玛依市,650200,https://www.suchajun.com/richang/xingzhengquhuadaima/650200,650000
3,独山子区,650202,https://www.suchajun.com/richang/xingzhengquhuadaima/650202,650200
3,克拉玛依区,650203,https://www.suchajun.com/richang/xingzhengquhuadaima/650203,650200
3,白碱滩区,650204,https://www.suchajun.com/richang/xingzhengquhuadaima/650204,650200
3,乌尔禾区,650205,https://www.suchajun.com/richang/xingzhengquhuadaima/650205,650200
2,吐鲁番市,650400,https://www.suchajun.com/richang/xingzhengquhuadaima/650400,650000
3,高昌区,650402,https://www.suchajun.com/richang/xingzhengquhuadaima/650402,650400
3,鄯善县,650421,https://www.suchajun.com/richang/xingzhengquhuadaima/650421,650400
3,托克逊县,650422,https://www.suchajun.com/richang/xingzhengquhuadaima/650422,650400
2,哈密市,650500,https://www.suchajun.com/richang/xingzhengquhuadaima/650500,650000
3,伊州区,650502,https://www.suchajun.com/richang/xingzhengquhuadaima/650502,650500
3,巴里坤哈萨克自治县,650521,https://www.suchajun.com/richang/xingzhengquhuadaima/650521,650500
3,伊吾县,650522,https://www.suchajun.com/richang/xingzhengquhuadaima/650522,650500
2,昌吉回族自治州,652300,https://www.suchajun.com/richang/xingzhengquhuadaima/652300,650000
3,昌吉市,652301,https://www.suchajun.com/richang/xingzhengquhuadaima/652301,652300
3,阜康市,652302,https://www.suchajun.com/richang/xingzhengquhuadaima/652302,652300
3,呼图壁县,652323,https://www.suchajun.com/richang/xingzhengquhuadaima/652323,652300
3,玛纳斯县,652324,https://www.suchajun.com/richang/xingzhengquhuadaima/652324,652300
3,奇台县,652325,https://www.suchajun.com/richang/xingzhengquhuadaima/652325,652300
3,吉木萨尔县,652327,https://www.suchajun.com/richang/xingzhengquhuadaima/652327,652300
3,木垒哈萨克自治县,652328,https://www.suchajun.com/richang/xingzhengquhuadaima/652328,652300
2,博尔塔拉蒙古自治州,652700,https://www.suchajun.com/richang/xingzhengquhuadaima/652700,650000
3,博乐市,652701,https://www.suchajun.com/richang/xingzhengquhuadaima/652701,652700
3,阿拉山口市,652702,https://www.suchajun.com/richang/xingzhengquhuadaima/652702,652700
3,精河县,652722,https://www.suchajun.com/richang/xingzhengquhuadaima/652722,652700
3,温泉县,652723,https://www.suchajun.com/richang/xingzhengquhuadaima/652723,652700
2,巴音郭楞蒙古自治州,652800,https://www.suchajun.com/richang/xingzhengquhuadaima/652800,650000
3,库尔勒市,652801,https://www.suchajun.com/richang/xingzhengquhuadaima/652801,652800
3,轮台县,652822,https://www.suchajun.com/richang/xingzhengquhuadaima/652822,652800
3,尉犁县,652823,https://www.suchajun.com/richang/xingzhengquhuadaima/652823,652800
3,若羌县,652824,https://www.suchajun.com/richang/xingzhengquhuadaima/652824,652800
3,且末县,652825,https://www.suchajun.com/richang/xingzhengquhuadaima/652825,652800
3,焉耆回族自治县,652826,https://www.suchajun.com/richang/xingzhengquhuadaima/652826,652800
3,和静县,652827,https://www.suchajun.com/richang/xingzhengquhuadaima/652827,652800
3,和硕县,652828,https://www.suchajun.com/richang/xingzhengquhuadaima/652828,652800
3,博湖县,652829,https://www.suchajun.com/richang/xingzhengquhuadaima/652829,652800
2,阿克苏地区,652900,https://www.suchajun.com/richang/xingzhengquhuadaima/652900,650000
3,阿克苏市,652901,https://www.suchajun.com/richang/xingzhengquhuadaima/652901,652900
3,库车市,652902,https://www.suchajun.com/richang/xingzhengquhuadaima/652902,652900
3,温宿县,652922,https://www.suchajun.com/richang/xingzhengquhuadaima/652922,652900
3,沙雅县,652924,https://www.suchajun.com/richang/xingzhengquhuadaima/652924,652900
3,新和县,652925,https://www.suchajun.com/richang/xingzhengquhuadaima/652925,652900
3,拜城县,652926,https://www.suchajun.com/richang/xingzhengquhuadaima/652926,652900
3,乌什县,652927,https://www.suchajun.com/richang/xingzhengquhuadaima/652927,652900
3,阿瓦提县,652928,https://www.suchajun.com/richang/xingzhengquhuadaima/652928,652900
3,柯坪县,652929,https://www.suchajun.com/richang/xingzhengquhuadaima/652929,652900
2,克孜勒苏柯尔克孜自治州,653000,https://www.suchajun.com/richang/xingzhengquhuadaima/653000,650000
3,阿图什市,653001,https://www.suchajun.com/richang/xingzhengquhuadaima/653001,653000
3,阿克陶县,653022,https://www.suchajun.com/richang/xingzhengquhuadaima/653022,653000
3,阿合奇县,653023,https://www.suchajun.com/richang/xingzhengquhuadaima/653023,653000
3,乌恰县,653024,https://www.suchajun.com/richang/xingzhengquhuadaima/653024,653000
2,喀什地区,653100,https://www.suchajun.com/richang/xingzhengquhuadaima/653100,650000
3,喀什市,653101,https://www.suchajun.com/richang/xingzhengquhuadaima/653101,653100
3,疏附县,653121,https://www.suchajun.com/richang/xingzhengquhuadaima/653121,653100
3,疏勒县,653122,https://www.suchajun.com/richang/xingzhengquhuadaima/653122,653100
3,英吉沙县,653123,https://www.suchajun.com/richang/xingzhengquhuadaima/653123,653100
3,泽普县,653124,https://www.suchajun.com/richang/xingzhengquhuadaima/653124,653100
3,莎车县,653125,https://www.suchajun.com/richang/xingzhengquhuadaima/653125,653100
3,叶城县,653126,https://www.suchajun.com/richang/xingzhengquhuadaima/653126,653100
3,麦盖提县,653127,https://www.suchajun.com/richang/xingzhengquhuadaima/653127,653100
3,岳普湖县,653128,https://www.suchajun.com/richang/xingzhengquhuadaima/653128,653100
3,伽师县,653129,https://www.suchajun.com/richang/xingzhengquhuadaima/653129,653100
3,巴楚县,653130,https://www.suchajun.com/richang/xingzhengquhuadaima/653130,653100
3,塔什库尔干塔吉克自治县,653131,https://www.suchajun.com/richang/xingzhengquhuadaima/653131,653100
2,和田地区,653200,https://www.suchajun.com/richang/xingzhengquhuadaima/653200,650000
3,和田市,653201,https://www.suchajun.com/richang/xingzhengquhuadaima/653201,653200
3,和田县,653221,https://www.suchajun.com/richang/xingzhengquhuadaima/653221,653200
3,墨玉县,653222,https://www.suchajun.com/richang/xingzhengquhuadaima/653222,653200
3,皮山县,653223,https://www.suchajun.com/richang/xingzhengquhuadaima/653223,653200
3,洛浦县,653224,https://www.suchajun.com/richang/xingzhengquhuadaima/653224,653200
3,策勒县,653225,https://www.suchajun.com/richang/xingzhengquhuadaima/653225,653200
3,于田县,653226,https://www.suchajun.com/richang/xingzhengquhuadaima/653226,653200
3,民丰县,653227,https://www.suchajun.com/richang/xingzhengquhuadaima/653227,653200
2,伊犁哈萨克自治州,654000,https://www.suchajun.com/richang/xingzhengquhuadaima/654000,650000
3,伊宁市,654002,https://www.suchajun.com/richang/xingzhengquhuadaima/654002,654000
3,奎屯市,654003,https://www.suchajun.com/richang/xingzhengquhuadaima/654003,654000
3,霍尔果斯市,654004,https://www.suchajun.com/richang/xingzhengquhuadaima/654004,654000
3,伊宁县,654021,https://www.suchajun.com/richang/xingzhengquhuadaima/654021,654000
3,察布查尔锡伯自治县,654022,https://www.suchajun.com/richang/xingzhengquhuadaima/654022,654000
3,霍城县,654023,https://www.suchajun.com/richang/xingzhengquhuadaima/654023,654000
3,巩留县,654024,https://www.suchajun.com/richang/xingzhengquhuadaima/654024,654000
3,新源县,654025,https://www.suchajun.com/richang/xingzhengquhuadaima/654025,654000
3,昭苏县,654026,https://www.suchajun.com/richang/xingzhengquhuadaima/654026,654000
3,特克斯县,654027,https://www.suchajun.com/richang/xingzhengquhuadaima/654027,654000
3,尼勒克县,654028,https://www.suchajun.com/richang/xingzhengquhuadaima/654028,654000
2,塔城地区,654200,https://www.suchajun.com/richang/xingzhengquhuadaima/654200,650000
3,塔城市,654201,https://www.suchajun.com/richang/xingzhengquhuadaima/654201,654200
3,乌苏市,654202,https://www.suchajun.com/richang/xingzhengquhuadaima/654202,654200
3,沙湾市,654203,https://www.suchajun.com/richang/xingzhengquhuadaima/654203,654200
3,额敏县,654221,https://www.suchajun.com/richang/xingzhengquhuadaima/654221,654200
3,托里县,654224,https://www.suchajun.com/richang/xingzhengquhuadaima/654224,654200
3,裕民县,654225,https://www.suchajun.com/richang/xingzhengquhuadaima/654225,654200
3,和布克赛尔蒙古自治县,654226,https://www.suchajun.com/richang/xingzhengquhuadaima/654226,654200
2,阿勒泰地区,654300,https://www.suchajun.com/richang/xingzhengquhuadaima/654300,650000
3,阿勒泰市,654301,https://www.suchajun.com/richang/xingzhengquhuadaima/654301,654300
3,布尔津县,654321,https://www.suchajun.com/richang/xingzhengquhuadaima/654321,654300
3,富蕴县,654322,https://www.suchajun.com/richang/xingzhengquhuadaima/654322,654300
3,福海县,654323,https://www.suchajun.com/richang/xingzhengquhuadaima/654323,654300
3,哈巴河县,654324,https://www.suchajun.com/richang/xingzhengquhuadaima/654324,654300
3,青河县,654325,https://www.suchajun.com/richang/xingzhengquhuadaima/654325,654300
3,吉木乃县,654326,https://www.suchajun.com/richang/xingzhengquhuadaima/654326,654300
2,自治区直辖县级行政单位,659000,https://www.suchajun.com/richang/xingzhengquhuadaima/659000,650000
3,石河子市,659001,https://www.suchajun.com/richang/xingzhengquhuadaima/659001,659000
3,阿拉尔市,659002,https://www.suchajun.com/richang/xingzhengquhuadaima/659002,659000
3,图木舒克市,659003,https://www.suchajun.com/richang/xingzhengquhuadaima/659003,659000
3,五家渠市,659004,https://www.suchajun.com/richang/xingzhengquhuadaima/659004,659000
3,北屯市,659005,https://www.suchajun.com/richang/xingzhengquhuadaima/659005,659000
3,铁门关市,659006,https://www.suchajun.com/richang/xingzhengquhuadaima/659006,659000
3,双河市,659007,https://www.suchajun.com/richang/xingzhengquhuadaima/659007,659000
3,可克达拉市,659008,https://www.suchajun.com/richang/xingzhengquhuadaima/659008,659000
3,昆玉市,659009,https://www.suchajun.com/richang/xingzhengquhuadaima/659009,659000
3,胡杨河市,659010,https://www.suchajun.com/richang/xingzhengquhuadaima/659010,659000
3,新星市,659011,https://www.suchajun.com/richang/xingzhengquhuadaima/659011,659000
3,白杨市,659012,https://www.suchajun.com/richang/xingzhengquhuadaima/659012,659000
